dataset,outer_fold,model,selected_params,inner_macro_f1,inner_accuracy,outer_accuracy,outer_macro_f1,correct,total,features,selection_seconds,fit_seconds,prediction_seconds,tree_depth,tree_leaves,tree_nodes
Anneal,1,CART,"{""ccp_alpha"": 0.0, ""max_depth"": 10, ""min_samples_leaf"": 1}",0.9626302912609654,0.9888521731148745,1.0,1.0,90,90,66,0.1600612660004117,0.001465830999222817,0.0003492400010145502,10,20,39
Anneal,1,Logistic,"{""C"": 10.0}",0.9593821077758818,0.98761760521364,1.0,1.0,90,90,66,0.16886375099966244,0.012121031000788207,0.00011491099940030836,,,
Anneal,1,BernoulliNB,"{""alpha"": 0.01}",0.8851719734614475,0.9566707971912433,0.9666666666666667,0.9450941221667307,87,90,66,0.025724537999849417,0.0008351329997822177,0.0002182749994972255,,,
Anneal,1,RandomForest,"{""max_depth"": 20, ""min_samples_leaf"": 1}",0.9580915273673156,0.9863830373124053,1.0,1.0,90,90,66,2.4752463569984684,0.1678911290000542,0.023074664000887424,,,
Anneal,2,CART,"{""ccp_alpha"": 0.0, ""max_depth"": 10, ""min_samples_leaf"": 1}",0.8412329741455955,0.9777318830602598,0.9888888888888889,0.9890163364615919,89,90,65,0.15997861200048646,0.001279543999771704,0.00012919300024805125,10,20,39
Anneal,2,Logistic,"{""C"": 10.0}",0.913158934302046,0.9864059846711642,0.9888888888888889,0.9890163364615919,89,90,65,0.13778572000046552,0.009819886001423583,9.836599929258227e-05,,,
Anneal,2,BernoulliNB,"{""alpha"": 0.01}",0.8697802949797393,0.9616320161549406,0.9888888888888889,0.9890163364615919,89,90,65,0.0321270780004852,0.0006399529993359465,0.00017984799887926783,,,
Anneal,2,RandomForest,"{""max_depth"": 20, ""min_samples_leaf"": 1}",0.8880874326236898,0.982693102023957,0.9777777777777777,0.9771014492753622,88,90,65,2.46838378800021,0.17878370099970198,0.024006581001231098,,,
Anneal,3,CART,"{""ccp_alpha"": 0.0, ""max_depth"": 10, ""min_samples_leaf"": 1}",0.9161385833242416,0.9851530588829226,1.0,0.8,90,90,66,0.1633475870003167,0.0013477459997375263,0.00013071499961370137,10,20,39
Anneal,3,Logistic,"{""C"": 100.0}",0.914357617279287,0.9863876267841571,0.9888888888888889,0.7763179237631792,89,90,66,0.21049184599905857,0.014033597999514313,0.00010266299977956805,,,
Anneal,3,BernoulliNB,"{""alpha"": 1.0}",0.8661983392074656,0.9554408187617606,0.9555555555555556,0.7433239962651726,86,90,66,0.03506620200096222,0.0007450889988831477,0.00024590599969087634,,,
Anneal,3,RandomForest,"{""max_depth"": 20, ""min_samples_leaf"": 1}",0.913248137912993,0.985143879939419,0.9777777777777777,0.7643529112636664,88,90,66,2.4668524539993086,0.1666283940012363,0.024120630998368142,,,
Anneal,4,CART,"{""ccp_alpha"": 0.0, ""max_depth"": 10, ""min_samples_leaf"": 1}",0.8751431745278145,0.9839139015099362,1.0,0.8,90,90,66,0.15200565499981167,0.0016074919985840097,0.00016036899978644215,10,20,39
Anneal,4,Logistic,"{""C"": 100.0}",0.9027228432284494,0.9863876267841571,1.0,0.8,90,90,66,0.1667611670000042,0.011239437999392976,9.611300083633978e-05,,,
Anneal,4,BernoulliNB,"{""alpha"": 0.1}",0.8587614335028242,0.9591674698242233,0.9666666666666667,0.7670490093847758,87,90,66,0.022331898999254918,0.0006312890000117477,0.00017502999980933964,,,
Anneal,4,RandomForest,"{""max_depth"": 20, ""min_samples_leaf"": 1}",0.8925449102526254,0.978952682546239,0.9888888888888889,0.788034835289663,89,90,66,2.753171595000822,0.1829812989999482,0.013233136000053491,,,
Anneal,5,CART,"{""ccp_alpha"": 0.0, ""max_depth"": 10, ""min_samples_leaf"": 1}",0.9359844478373988,0.9851530588829225,0.9888888888888889,0.9889947089947089,89,90,66,0.15449822499977017,0.0013114819994370919,0.00012402500033203978,9,20,39
Anneal,5,Logistic,"{""C"": 1.0}",0.9213308906750433,0.9715452751388316,0.9777777777777777,0.7875350140056023,88,90,66,0.18348105299992312,0.015163068999754614,0.00012614800107257906,,,
Anneal,5,BernoulliNB,"{""alpha"": 1.0}",0.881378240258695,0.9455367387213731,0.9555555555555556,0.7655462184873949,86,90,66,0.03459010400001716,0.0007330009993893327,0.0001989859993045684,,,
Anneal,5,RandomForest,"{""max_depth"": null, ""min_samples_leaf"": 1}",0.9270432741950255,0.9777410620037633,0.9888888888888889,0.9889947089947089,89,90,66,2.406926690999171,0.17010023199873103,0.013340155001060339,,,
Anneal,6,CART,"{""ccp_alpha"": 0.0, ""max_depth"": 10, ""min_samples_leaf"": 1}",0.9617729577214199,0.9888567625866264,0.9888888888888889,0.9889947089947089,89,90,64,0.1549357460007741,0.0014114410005277023,0.00013330799993127584,10,20,39
Anneal,6,Logistic,"{""C"": 10.0}",0.9570158784779818,0.9851392904676671,0.9777777777777777,0.9589635854341736,88,90,64,0.1774257100005343,0.009780817999853753,0.00014334300067275763,,,
Anneal,6,BernoulliNB,"{""alpha"": 0.01}",0.9179246891764897,0.974005231997797,0.9555555555555556,0.9393714656531008,86,90,64,0.02277781200064055,0.0006508490005217027,0.0001790469996194588,,,
Anneal,6,RandomForest,"{""max_depth"": 20, ""min_samples_leaf"": 1}",0.9457380727046217,0.9863784478406535,0.9777777777777777,0.9589635854341736,88,90,64,2.5553162680007517,0.18735726200065983,0.023021965998850646,,,
Anneal,7,CART,"{""ccp_alpha"": 0.0, ""max_depth"": null, ""min_samples_leaf"": 1}",0.9138536926063092,0.9863968057276606,0.9888888888888889,0.969968717413973,89,90,66,0.15578463899873896,0.0013633589987875894,0.0001565729999128962,11,21,41
Anneal,7,Logistic,"{""C"": 10.0}",0.9549900052676588,0.9851622378264263,0.9777777777777777,0.9580037049144601,88,90,66,0.16361442800007353,0.02020251000067219,0.00011088500104960985,,,
Anneal,7,BernoulliNB,"{""alpha"": 0.01}",0.8855897314495987,0.9554545871770159,0.9777777777777777,0.97487922705314,88,90,66,0.023352989001068636,0.0007018239994067699,0.00021638199905282818,,,
Anneal,7,RandomForest,"{""max_depth"": null, ""min_samples_leaf"": 1}",0.9527344063905835,0.9851576483546743,0.9777777777777777,0.9580037049144601,88,90,66,2.550202768001327,0.17519057400022575,0.024070186000244576,,,
Anneal,8,CART,"{""ccp_alpha"": 0.0, ""max_depth"": 10, ""min_samples_leaf"": 1}",0.9274435727476984,0.9777135251732525,0.9888888888888889,0.7985401459854015,89,90,66,0.15836197499993432,0.001231342999744811,0.0001235939998878166,10,18,35
Anneal,8,Logistic,"{""C"": 10.0}",0.981642661163247,0.9876221946853917,0.9777777777777777,0.7748366013071896,88,90,66,0.17446940999980143,0.009560119000525447,9.864700041362084e-05,,,
Anneal,8,BernoulliNB,"{""alpha"": 0.01}",0.9560471679333927,0.9703107072375969,0.9666666666666667,0.7638095238095237,87,90,66,0.02306422800029395,0.0006323110010271193,0.00018008799997915048,,,
Anneal,8,RandomForest,"{""max_depth"": 20, ""min_samples_leaf"": 1}",0.9786707652733148,0.985143879939419,0.9777777777777777,0.7748366013071896,88,90,66,2.622247642999355,0.20692956399943796,0.02334381499895244,,,
Anneal,9,CART,"{""ccp_alpha"": 0.0, ""max_depth"": 10, ""min_samples_leaf"": 1}",0.8940215070460754,0.9826839230804535,1.0,1.0,89,89,65,0.155373707999388,0.0012967399998160545,0.00012488600077631418,10,20,39
Anneal,9,Logistic,"{""C"": 10.0}",0.9501127846954645,0.9888751204736335,1.0,1.0,89,89,65,0.2407956049992208,0.009286181000788929,9.942799988493789e-05,,,
Anneal,9,BernoulliNB,"{""alpha"": 0.01}",0.905119723187323,0.9653494882738997,0.9325842696629213,0.8109090909090909,83,89,65,0.02210095499867748,0.0006418849989131559,0.00019104500097455457,,,
Anneal,9,RandomForest,"{""max_depth"": 20, ""min_samples_leaf"": 1}",0.9273339493446858,0.985166827298178,1.0,1.0,89,89,65,2.4469510479993914,0.16858936799872026,0.0245969250008784,,,
Anneal,10,CART,"{""ccp_alpha"": 0.0, ""max_depth"": 10, ""min_samples_leaf"": 1}",0.9548287056272455,0.9851622378264263,1.0,1.0,89,89,66,0.15315435500087915,0.0013277260004542768,0.00014232200010155793,10,20,39
Anneal,10,Logistic,"{""C"": 10.0}",0.9466345156415424,0.9839322593969434,1.0,1.0,89,89,66,0.23595643199951155,0.008489636000376777,9.044500075106043e-05,,,
Anneal,10,BernoulliNB,"{""alpha"": 0.01}",0.909324660674964,0.9666024140621414,0.9775280898876404,0.9570149253731343,87,89,66,0.02207455499956268,0.0006270230005611666,0.00017544100046507083,,,
Anneal,10,RandomForest,"{""max_depth"": 20, ""min_samples_leaf"": 1}",0.9423542722878402,0.9814585341227225,1.0,1.0,89,89,66,2.8655654279991722,0.22163810600068246,0.024582889000157593,,,
Breast,1,CART,"{""ccp_alpha"": 0.0, ""max_depth"": 10, ""min_samples_leaf"": 1}",0.9329818569891287,0.9379889116731221,0.9714285714285714,0.9688888888888889,68,70,14,0.14498435399946175,0.0007732110007054871,0.00012050900113536045,6,19,37
Breast,1,Logistic,"{""C"": 10.0}",0.9296897789184139,0.9348067137540822,0.9571428571428572,0.9537343027098479,67,70,14,0.06963340800029982,0.0035693829995580018,0.00010773000030894764,,,
Breast,1,BernoulliNB,"{""alpha"": 1.0}",0.9285523995736447,0.9332118174223437,0.9285714285714286,0.9240945564953372,65,70,14,0.023015987000690075,0.0008907950013963273,0.00018454499877407216,,,
Breast,1,RandomForest,"{""max_depth"": 20, ""min_samples_leaf"": 1}",0.9329818569891287,0.9379889116731221,0.9714285714285714,0.9688888888888889,68,70,14,2.2249634859999787,0.20239941100044234,0.03831972499938274,,,
Breast,2,CART,"{""ccp_alpha"": 0.0, ""max_depth"": 5, ""min_samples_leaf"": 1}",0.9397335797450591,0.9443533075112023,0.9285714285714286,0.9228905045164133,65,70,14,0.14104225700066308,0.0008935099995142082,0.00012072000026819296,5,16,31
Breast,2,Logistic,"{""C"": 100.0}",0.9347869187342872,0.9395914027492975,0.9285714285714286,0.9228905045164133,65,70,14,0.10941270900002564,0.0024849379988154396,9.17470006243093e-05,,,
Breast,2,BernoulliNB,"{""alpha"": 0.1}",0.9282838889751095,0.9332270069112174,0.9428571428571428,0.9388111888111889,66,70,14,0.029927514000519295,0.000871917000040412,0.0002028420003625797,,,
Breast,2,RandomForest,"{""max_depth"": 20, ""min_samples_leaf"": 1}",0.9298111434180761,0.934814308498519,0.9285714285714286,0.9228905045164133,65,70,14,1.771057144000224,0.16872143500040693,0.02381658899867034,,,
Breast,3,CART,"{""ccp_alpha"": 0.0, ""max_depth"": 10, ""min_samples_leaf"": 1}",0.9382725243114537,0.9427584111794638,0.9285714285714286,0.9240945564953372,65,70,14,0.1291430159999436,0.0007799110007908894,0.00011364900092303287,6,19,37
Breast,3,Logistic,"{""C"": 0.1}",0.9317995271278589,0.9363940153413838,0.9142857142857143,0.9095607235142118,64,70,14,0.14493897200009087,0.001999846999751753,8.794099994702265e-05,,,
Breast,3,BernoulliNB,"{""alpha"": 1.0}",0.9319250574758183,0.9363864205969469,0.9,0.895187165775401,63,70,14,0.06697804000032193,0.0007203420009318506,0.0001809900004445808,,,
Breast,3,RandomForest,"{""max_depth"": 20, ""min_samples_leaf"": 1}",0.9366404916386418,0.9411711095921622,0.9285714285714286,0.9240945564953372,65,70,14,1.683160233000308,0.1675334669998847,0.023732367999400594,,,
Breast,4,CART,"{""ccp_alpha"": 0.0, ""max_depth"": 5, ""min_samples_leaf"": 1}",0.9401647585356825,0.9443760917445129,0.9285714285714286,0.9215070643642072,65,70,14,0.1386521240001457,0.0007676720015297178,0.0001134489994001342,5,16,31
Breast,4,Logistic,"{""C"": 10.0}",0.9366193273586724,0.9412014885699097,0.9142857142857143,0.9066666666666667,64,70,14,0.06295097600013833,0.009600759000022663,0.00015330799942603335,,,
Breast,4,BernoulliNB,"{""alpha"": 0.1}",0.9352592144303986,0.9396141869826081,0.9142857142857143,0.9066666666666667,64,70,14,0.02591730499989353,0.0007598209995194338,0.00018989199998031836,,,
Breast,4,RandomForest,"{""max_depth"": 20, ""min_samples_leaf"": 1}",0.9366193273586724,0.9412014885699097,0.9285714285714286,0.9215070643642072,65,70,14,1.7127041309995548,0.14978172500013898,0.02274287500040373,,,
Breast,5,CART,"{""ccp_alpha"": 0.0, ""max_depth"": 5, ""min_samples_leaf"": 1}",0.9400393552413361,0.9443912812333864,0.9428571428571428,0.9388111888111889,66,70,14,0.13238073499996972,0.0007524399989051744,0.00011153600098623428,5,17,33
Breast,5,Logistic,"{""C"": 10.0}",0.9332066997840188,0.9380344801397434,0.9428571428571428,0.9388111888111889,66,70,14,0.09452565200081153,0.0022244609990593744,0.00018599699978949502,,,
Breast,5,BernoulliNB,"{""alpha"": 0.01}",0.9318828551594084,0.9364547732968785,0.9428571428571428,0.9388111888111889,66,70,14,0.028069298999980674,0.0006660919989371905,0.00017915599892148748,,,
Breast,5,RandomForest,"{""max_depth"": 20, ""min_samples_leaf"": 1}",0.9400393552413361,0.9443912812333864,0.9428571428571428,0.9388111888111889,66,70,14,1.5844043500001135,0.13882729099896096,0.012645470998904784,,,
Breast,6,CART,"{""ccp_alpha"": 0.0, ""max_depth"": 5, ""min_samples_leaf"": 1}",0.926724473526172,0.9316548948127896,0.9714285714285714,0.9688888888888889,68,70,14,0.1374968500003888,0.0008323790007125353,0.0001253869995707646,5,17,33
Breast,6,Logistic,"{""C"": 10.0}",0.9313883716004691,0.9364167995746944,0.9714285714285714,0.9688888888888889,68,70,14,0.056260698000187404,0.0032870420000108425,8.838200119498651e-05,,,
Breast,6,BernoulliNB,"{""alpha"": 0.01}",0.9268500802246497,0.9316624895572264,0.9571428571428572,0.9537343027098479,67,70,14,0.021488524000233156,0.0006035679998603882,0.00017793499864637852,,,
Breast,6,RandomForest,"{""max_depth"": 20, ""min_samples_leaf"": 1}",0.9298368687723846,0.9348294979873928,0.9714285714285714,0.9688888888888889,68,70,14,1.6657266000001982,0.14618905699899187,0.02375346500048181,,,
Breast,7,CART,"{""ccp_alpha"": 0.0, ""max_depth"": 10, ""min_samples_leaf"": 1}",0.9447566916070004,0.9491304017619807,0.8714285714285714,0.8652406417112299,61,70,14,0.12990932700085978,0.0007396910004899837,0.00011234700104978401,6,16,31
Breast,7,Logistic,"{""C"": 10.0}",0.9414249748004728,0.9459482038429406,0.8714285714285714,0.8652406417112299,61,70,14,0.07342690899895388,0.021248686000035377,0.0001171040003100643,,,
Breast,7,BernoulliNB,"{""alpha"": 0.1}",0.9351300120905272,0.9395914027492975,0.8857142857142857,0.8809523809523809,62,70,14,0.03716220199930831,0.0005935539993515704,0.014799448001213023,,,
Breast,7,RandomForest,"{""max_depth"": 20, ""min_samples_leaf"": 1}",0.9447566916070004,0.9491304017619807,0.8714285714285714,0.8652406417112299,61,70,14,1.689491191000343,0.15199109300010605,0.02448322500094946,,,
Breast,8,CART,"{""ccp_alpha"": 0.0, ""max_depth"": 5, ""min_samples_leaf"": 1}",0.9349002326081642,0.9395989974937343,0.9571428571428572,0.9537343027098479,67,70,14,0.13129535999905784,0.0007373270000243792,0.0001421610013494501,5,16,31
Breast,8,Logistic,"{""C"": 10.0}",0.9331047752785334,0.937996506417559,0.9428571428571428,0.9377777777777778,66,70,14,0.07238740199863969,0.0034512170004745713,9.078500079340301e-05,,,
Breast,8,BernoulliNB,"{""alpha"": 0.1}",0.9268541290583899,0.9316548948127896,0.9571428571428572,0.9537343027098479,67,70,14,0.021834037999724387,0.0005879450000065845,0.00016938199951255228,,,
Breast,8,RandomForest,"{""max_depth"": 20, ""min_samples_leaf"": 1}",0.9331243506786517,0.938004101161996,0.9714285714285714,0.9688888888888889,68,70,14,1.6568887149987859,0.14218869300020742,0.012618981998457457,,,
Breast,9,CART,"{""ccp_alpha"": 0.0, ""max_depth"": 5, ""min_samples_leaf"": 1}",0.9334003064446915,0.9379813169286854,0.9714285714285714,0.9682971014492754,68,70,14,0.13604601100087166,0.0007582189991808264,0.00011301800077490043,5,16,31
Breast,9,Logistic,"{""C"": 10.0}",0.9298449026702172,0.9347991190096453,0.9714285714285714,0.9682971014492754,68,70,14,0.13180463800017606,0.013529858000765671,0.00010578699948382564,,,
Breast,9,BernoulliNB,"{""alpha"": 0.01}",0.9301530995317894,0.9347915242652084,0.9714285714285714,0.9688888888888889,68,70,14,0.02786542500143696,0.0008666089997859672,0.00019956699907197617,,,
Breast,9,RandomForest,"{""max_depth"": 20, ""min_samples_leaf"": 1}",0.9334003064446915,0.9379813169286854,0.9714285714285714,0.9682971014492754,68,70,14,1.7345938660000684,0.14344821800114005,0.023543672001324012,,,
Breast,10,CART,"{""ccp_alpha"": 0.0, ""max_depth"": 5, ""min_samples_leaf"": 1}",0.940015388410977,0.9444444444444445,0.9420289855072463,0.9372727272727273,65,69,14,0.13162402899979497,0.0007702469993091654,0.00011179600005561952,5,18,35
Breast,10,Logistic,"{""C"": 10.0}",0.9348444994666979,0.9396825396825396,0.9420289855072463,0.9372727272727273,65,69,14,0.1346436129988433,0.006676777000393486,0.00010193200068897568,,,
Breast,10,BernoulliNB,"{""alpha"": 0.01}",0.9301004816115211,0.9349206349206348,0.9420289855072463,0.9372727272727273,65,69,14,0.022276566000073217,0.0005973789993731771,0.00017767399913282134,,,
Breast,10,RandomForest,"{""max_depth"": 20, ""min_samples_leaf"": 1}",0.940015388410977,0.9444444444444445,0.9420289855072463,0.9372727272727273,65,69,14,1.6445220779987721,0.15117303099941637,0.023904780000520987,,,
Flare,1,CART,"{""ccp_alpha"": 0.001, ""max_depth"": null, ""min_samples_leaf"": 1}",0.1439931258038817,0.8152016848060013,0.8345323741007195,0.11462450592885376,116,139,30,0.2020172519987682,0.003670983998745214,0.0001453870008845115,9,24,47
Flare,1,Logistic,"{""C"": 10.0}",0.14340237957511845,0.8351991483736088,0.841726618705036,0.11515748031496063,117,139,30,0.5530230639997171,0.10229710900057398,0.00017426999875169713,,,
Flare,1,BernoulliNB,"{""alpha"": 0.1}",0.16040794173382825,0.7296201500338192,0.6906474820143885,0.12269345238095238,96,139,30,0.035765914000876364,0.0006881039989821147,0.0002847340001608245,,,
Flare,1,RandomForest,"{""max_depth"": 20, ""min_samples_leaf"": 1}",0.14061384534033694,0.8167984842894915,0.8345323741007195,0.12970588235294117,116,139,30,2.514182715000061,0.1700080890004756,0.023649210001167376,,,
Flare,2,CART,"{""ccp_alpha"": 0.001, ""max_depth"": null, ""min_samples_leaf"": 1}",0.16300224312338787,0.8184202637889687,0.8489208633093526,0.13033088235294116,118,139,30,0.19576977400174655,0.003530443998897681,0.00013262799984659068,12,25,49
Flare,2,Logistic,"{""C"": 100.0}",0.1399779746497141,0.8296036247924737,0.841726618705036,0.1142578125,117,139,30,0.4094981309990544,0.07991568699981144,0.00019876599981216714,,,
Flare,2,BernoulliNB,"{""alpha"": 1.0}",0.19082986252957923,0.7472195320666545,0.7697841726618705,0.20075757575757575,107,139,30,0.026637386999937007,0.0007945819997985382,0.00020523500097624492,,,
Flare,2,RandomForest,"{""max_depth"": 20, ""min_samples_leaf"": 1}",0.13467544832789488,0.8160087314763574,0.8345323741007195,0.1276997274061648,116,139,30,2.736846052999681,0.19461325699921872,0.03420165599891334,,,
Flare,3,CART,"{""ccp_alpha"": 0.001, ""max_depth"": 10, ""min_samples_leaf"": 1}",0.14352738739372906,0.819204251983029,0.8129496402877698,0.13408730857243445,113,139,30,0.20085421099975065,0.0032386599996243604,0.00015189599980658386,10,19,37
Flare,3,Logistic,"{""C"": 100.0}",0.12681356444505332,0.8343921017032527,0.8201438848920863,0.12907881526104417,114,139,30,0.5769241670004703,0.06953687900022487,0.0001684100006968947,,,
Flare,3,BernoulliNB,"{""alpha"": 10.0}",0.16155145724782702,0.7895817961015803,0.7769784172661871,0.15053050397877984,108,139,30,0.026880157998675713,0.0007811430004949216,0.00020150999989709817,,,
Flare,3,RandomForest,"{""max_depth"": 20, ""min_samples_leaf"": 1}",0.13426155986386334,0.8215965688987271,0.8057553956834532,0.12425294004241373,112,139,30,2.6724693039996055,0.1767343459996482,0.023032476001390023,,,
Flare,4,CART,"{""ccp_alpha"": 0.0, ""max_depth"": 10, ""min_samples_leaf"": 1}",0.13893620888258842,0.8055920648096908,0.8129496402877698,0.11345381526104417,113,139,30,0.19757475000005797,0.002864833999410621,0.00014432399984798394,10,159,317
Flare,4,Logistic,"{""C"": 100.0}",0.13117449343255125,0.8343997878620181,0.8489208633093526,0.13137254901960785,118,139,30,0.638434184000289,0.08647175400074048,0.00018363299932389054,,,
Flare,4,BernoulliNB,"{""alpha"": 1.0}",0.1559858422850367,0.7528131341080981,0.7338129496402878,0.12439137491305356,102,139,30,0.024971408000055817,0.0006852200003777398,0.000188110001545283,,,
Flare,4,RandomForest,"{""max_depth"": 20, ""min_samples_leaf"": 1}",0.13265161545060933,0.8175940017216995,0.8201438848920863,0.114,114,139,30,2.5253068519996305,0.18497122100052366,0.033530151999002555,,,
Flare,5,CART,"{""ccp_alpha"": 0.0, ""max_depth"": 10, ""min_samples_leaf"": 5}",0.1389854786694705,0.8287984996618091,0.8345323741007195,0.12971230158730157,116,139,30,0.19885740900099336,0.002636883999002748,0.00014211199959390797,10,91,181
Flare,5,Logistic,"{""C"": 100.0}",0.12945504237628142,0.8343978663223267,0.841726618705036,0.13083989501312338,117,139,30,0.5871991060012078,0.13170220000029076,0.00018305300000065472,,,
Flare,5,BernoulliNB,"{""alpha"": 10.0}",0.1517562276002896,0.7936035786755212,0.7697841726618705,0.17480449239375517,107,139,30,0.035826634000841295,0.0009162139995169127,0.00020544600010907743,,,
Flare,5,RandomForest,"{""max_depth"": 20, ""min_samples_leaf"": 1}",0.14217063499032886,0.8175959232613909,0.8057553956834532,0.13559814169570267,112,139,30,3.1398969869987923,0.16958301200065762,0.02359540999896126,,,
Flare,6,CART,"{""ccp_alpha"": 0.001, ""max_depth"": 10, ""min_samples_leaf"": 1}",0.18939652731728565,0.8280125899280576,0.841726618705036,0.1142578125,117,139,30,0.274750729000516,0.0031823160006752005,0.00022861100114823785,9,15,29
Flare,6,Logistic,"{""C"": 100.0}",0.15567619532768343,0.8320074709463198,0.8273381294964028,0.11408730158730158,115,139,30,0.4884190820012009,0.04021957199984172,0.00012920200060762,,,
Flare,6,BernoulliNB,"{""alpha"": 0.01}",0.1689725688729441,0.7416297731045932,0.7338129496402878,0.10991379310344827,102,139,30,0.022591966000618413,0.0006620059994020266,0.00018135000027541537,,,
Flare,6,RandomForest,"{""max_depth"": 20, ""min_samples_leaf"": 1}",0.13856218931686287,0.8160106530160487,0.8273381294964028,0.14123159303882193,115,139,30,2.692498861000786,0.1756491759988421,0.022822860000815126,,,
Flare,7,CART,"{""ccp_alpha"": 0.0, ""max_depth"": null, ""min_samples_leaf"": 1}",0.14322145162834057,0.8023869366045625,0.8129496402877698,0.11254980079681275,113,139,30,0.19893670700002986,0.0033703160006552935,0.00015549199997622054,16,227,453
Flare,7,Logistic,"{""C"": 1.0}",0.12730058967774233,0.8408023581135092,0.841726618705036,0.1142578125,117,139,30,0.5370876849992783,0.04211680600019463,0.00017553100042277947,,,
Flare,7,BernoulliNB,"{""alpha"": 0.1}",0.19506266993070817,0.736799022320605,0.7553956834532374,0.12710084033613445,105,139,30,0.023769908999383915,0.000660063000395894,0.0001837640011217445,,,
Flare,7,RandomForest,"{""max_depth"": 20, ""min_samples_leaf"": 1}",0.13805391136979614,0.8127978386521552,0.8201438848920863,0.11354581673306773,114,139,30,2.7089553129990236,0.1680701900004351,0.023532474999228725,,,
Flare,8,CART,"{""ccp_alpha"": 0.0, ""max_depth"": null, ""min_samples_leaf"": 1}",0.15039895906270817,0.8120080858390212,0.7769784172661871,0.10931174089068826,108,139,30,0.1988899779989879,0.0035366740012250375,0.00019336699915584177,15,233,465
Flare,8,Logistic,"{""C"": 100.0}",0.13572233836910386,0.8327991452991452,0.8273381294964028,0.11318897637795275,115,139,30,0.44769132299916237,0.10206008599925553,0.00020326199955889024,,,
Flare,8,BernoulliNB,"{""alpha"": 1.0}",0.1765936978797188,0.7463971130787678,0.7482014388489209,0.1717171717171717,104,139,30,0.02403905000028317,0.0006669930007774383,0.00018049800019070972,,,
Flare,8,RandomForest,"{""max_depth"": 20, ""min_samples_leaf"": 1}",0.14181848745660988,0.8159895160794441,0.8201438848920863,0.11264822134387352,114,139,30,2.532031921999078,0.16348533100062923,0.023018910998871434,,,
Flare,9,CART,"{""ccp_alpha"": 0.0, ""max_depth"": null, ""min_samples_leaf"": 1}",0.15372978548921626,0.7952061427780852,0.8129496402877698,0.15749128919860628,113,139,30,0.2088487700002588,0.003333571999974083,0.00015395899936265778,16,207,413
Flare,9,Logistic,"{""C"": 10.0}",0.13915297106710958,0.8415997970854087,0.841726618705036,0.13058035714285715,117,139,30,0.45259988399993745,0.03127499999936845,0.00012071899982402101,,,
Flare,9,BernoulliNB,"{""alpha"": 1.0}",0.22887357919438758,0.751216334624608,0.7841726618705036,0.27773335039344893,109,139,30,0.028843781001341995,0.0007730100005574059,0.00020136999955866486,,,
Flare,9,RandomForest,"{""max_depth"": 20, ""min_samples_leaf"": 1}",0.14021742132086504,0.8112029607083565,0.8201438848920863,0.14418045112781955,114,139,30,2.45408112000041,0.16211541200027568,0.023194221999801812,,,
Flare,10,CART,"{""ccp_alpha"": 0.0, ""max_depth"": null, ""min_samples_leaf"": 1}",0.13866958433228438,0.7969624300559554,0.8260869565217391,0.1266117099978863,114,138,30,0.1965480420003587,0.0033334609997837106,0.00013519099957193248,18,223,445
Flare,10,Logistic,"{""C"": 10.0}",0.13020859716342806,0.8361310951239008,0.8478260869565217,0.11515748031496063,117,138,30,0.45609785600026953,0.029458274999342393,0.00012244199933775235,,,
Flare,10,BernoulliNB,"{""alpha"": 0.1}",0.17658668770178673,0.7362110311750599,0.7318840579710145,0.14488459139114163,101,138,30,0.04080035799961479,0.0006495460002042819,0.00017762400057108607,,,
Flare,10,RandomForest,"{""max_depth"": 20, ""min_samples_leaf"": 1}",0.1306780348174418,0.8153477218225419,0.8405797101449275,0.12924771502226387,116,138,30,2.4025203970013536,0.18056293500012544,0.02293124099924171,,,
Glass,1,CART,"{""ccp_alpha"": 0.0, ""max_depth"": 5, ""min_samples_leaf"": 1}",0.5478305123869568,0.6197916666666666,0.7272727272727273,0.5816993464052288,16,22,40,0.13007005600047705,0.000862402999700862,0.00011458100016170647,5,19,37
Glass,1,Logistic,"{""C"": 1.0}",0.5019360716831497,0.6510416666666666,0.9090909090909091,0.8125,20,22,40,0.16486049800005276,0.006125187001089216,8.900300053937826e-05,,,
Glass,1,BernoulliNB,"{""alpha"": 0.1}",0.6341527182631918,0.6822916666666666,0.8181818181818182,0.7333333333333334,18,22,40,0.021431769000628265,0.000562207000257331,0.00016578699978708755,,,
Glass,1,RandomForest,"{""max_depth"": 20, ""min_samples_leaf"": 1}",0.5947391006936522,0.6979166666666666,0.8181818181818182,0.7671957671957671,18,22,40,1.7502543299997342,0.12784564600042359,0.023557241998787504,,,
Glass,2,CART,"{""ccp_alpha"": 0.0, ""max_depth"": 10, ""min_samples_leaf"": 1}",0.6044565789891491,0.65625,0.5909090909090909,0.7043040293040294,13,22,40,0.1420961210005771,0.0010296130003553117,0.00012287299978197552,10,48,95
Glass,2,Logistic,"{""C"": 100.0}",0.6267243779310769,0.6927083333333334,0.7272727272727273,0.7615384615384615,16,22,40,0.26299826100148493,0.031656487999498495,0.00011437000102887396,,,
Glass,2,BernoulliNB,"{""alpha"": 0.1}",0.6832646468588205,0.703125,0.5909090909090909,0.6636752136752136,13,22,40,0.021914827999353292,0.0005512799998541595,0.00016506499923707452,,,
Glass,2,RandomForest,"{""max_depth"": 20, ""min_samples_leaf"": 1}",0.6289767846825453,0.7395833333333334,0.5909090909090909,0.6581196581196581,13,22,40,1.7612003820013342,0.12366731099973549,0.023608368001077906,,,
Glass,3,CART,"{""ccp_alpha"": 0.0, ""max_depth"": 10, ""min_samples_leaf"": 1}",0.5873882240162019,0.6510416666666666,0.5909090909090909,0.606140350877193,13,22,40,0.13343750900094165,0.0009511059997748816,0.00011349899978085887,10,51,101
Glass,3,Logistic,"{""C"": 100.0}",0.6576412717304407,0.6770833333333334,0.8636363636363636,0.7775793650793651,19,22,40,0.38218176900045364,0.044472081999629154,0.00015015399912954308,,,
Glass,3,BernoulliNB,"{""alpha"": 0.01}",0.6759402177869492,0.6979166666666666,0.8636363636363636,0.7775793650793651,19,22,40,0.024417812999672606,0.0006409939996956382,0.00018272200031788088,,,
Glass,3,RandomForest,"{""max_depth"": 20, ""min_samples_leaf"": 1}",0.6733568092327554,0.7239583333333334,0.8636363636363636,0.8759920634920634,19,22,40,1.6688518859991746,0.11900210299972969,0.022792935000325087,,,
Glass,4,CART,"{""ccp_alpha"": 0.0, ""max_depth"": 5, ""min_samples_leaf"": 1}",0.716342679717859,0.7239583333333334,0.6363636363636364,0.45138888888888884,14,22,39,0.13585601799968572,0.0007398009984171949,0.0001116559997171862,5,17,33
Glass,4,Logistic,"{""C"": 10.0}",0.7112158776032335,0.71875,0.5909090909090909,0.4246031746031746,13,22,39,0.14665031399999862,0.013509628000974772,0.00010679899969545659,,,
Glass,4,BernoulliNB,"{""alpha"": 0.1}",0.680957346352054,0.6927083333333334,0.6818181818181818,0.5107142857142857,15,22,39,0.038459863999378285,0.0016347329983545933,0.0001957120002771262,,,
Glass,4,RandomForest,"{""max_depth"": 20, ""min_samples_leaf"": 1}",0.7231603760311343,0.7604166666666666,0.6363636363636364,0.45833333333333326,14,22,39,1.6569070019995706,0.10988129199904506,0.02363824299936823,,,
Glass,5,CART,"{""ccp_alpha"": 0.0, ""max_depth"": 5, ""min_samples_leaf"": 1}",0.6003743550268482,0.6891025641025642,0.6666666666666666,0.46349206349206346,14,21,40,0.13286451599924476,0.0007355549987551058,0.00010894199840549845,5,18,35
Glass,5,Logistic,"{""C"": 10.0}",0.545086939884294,0.6582532051282052,0.7142857142857143,0.47500000000000003,15,21,40,0.202955879000001,0.013824517000102787,0.00011604300016188063,,,
Glass,5,BernoulliNB,"{""alpha"": 0.01}",0.6369652584926614,0.7205929487179487,0.6666666666666666,0.4093137254901961,14,21,40,0.03346869400047581,0.0008009419998415979,0.0002152500001102453,,,
Glass,5,RandomForest,"{""max_depth"": 20, ""min_samples_leaf"": 1}",0.6111931269991366,0.7255608974358975,0.7142857142857143,0.49867724867724866,15,21,40,1.819494448000114,0.21464118100084306,0.02769867200004228,,,
Glass,6,CART,"{""ccp_alpha"": 0.0, ""max_depth"": 5, ""min_samples_leaf"": 1}",0.6228803050666135,0.6530448717948718,0.6666666666666666,0.6819444444444445,14,21,40,0.1327317180002865,0.0008062500000960426,0.00011706399891409092,5,18,35
Glass,6,Logistic,"{""C"": 10.0}",0.6030598829511873,0.652724358974359,0.6190476190476191,0.5416666666666666,13,21,40,0.13254826499905903,0.011903007000000798,9.630299973650835e-05,,,
Glass,6,BernoulliNB,"{""alpha"": 0.1}",0.6652591942323625,0.7095352564102564,0.6666666666666666,0.7839366515837104,14,21,40,0.02181161500084272,0.0005499689996213419,0.00016436500118288677,,,
Glass,6,RandomForest,"{""max_depth"": 20, ""min_samples_leaf"": 1}",0.6235267092945435,0.6732371794871795,0.8571428571428571,0.7916666666666666,18,21,40,3.5641444160009996,0.3615988439996727,0.03146401100093499,,,
Glass,7,CART,"{""ccp_alpha"": 0.0, ""max_depth"": 5, ""min_samples_leaf"": 1}",0.6129324023625777,0.6681089743589744,0.6190476190476191,0.5222222222222223,13,21,39,0.13677576699956262,0.0007774269997753436,0.00010866200136661064,5,21,41
Glass,7,Logistic,"{""C"": 100.0}",0.6640068173700048,0.7411057692307693,0.5238095238095238,0.5381701631701632,11,21,39,0.3241592579997814,0.031758578999870224,0.00012526600039564073,,,
Glass,7,BernoulliNB,"{""alpha"": 0.01}",0.6546256788092513,0.704647435897436,0.6190476190476191,0.5567765567765568,13,21,39,0.02142728200124111,0.0006025769998814212,0.00031640099950891454,,,
Glass,7,RandomForest,"{""max_depth"": 20, ""min_samples_leaf"": 1}",0.6585510500496494,0.7254807692307693,0.7142857142857143,0.5816993464052288,15,21,39,1.9403487409999798,0.12773812500017812,0.023114683001040248,,,
Glass,8,CART,"{""ccp_alpha"": 0.0, ""max_depth"": 10, ""min_samples_leaf"": 1}",0.5942334271665245,0.6427083333333333,0.7142857142857143,0.6222527472527473,15,21,39,0.1341989709999325,0.0009237449994543567,0.00011129599988635164,10,49,97
Glass,8,Logistic,"{""C"": 100.0}",0.5833981289778393,0.6844551282051282,0.7619047619047619,0.7523809523809524,16,21,39,0.19162749800125312,0.01921862500057614,0.00010649800060491543,,,
Glass,8,BernoulliNB,"{""alpha"": 0.1}",0.6623517786561265,0.7312500000000001,0.8571428571428571,0.8244810744810745,18,21,39,0.02157923800041317,0.0005569389995798701,0.0001667079995968379,,,
Glass,8,RandomForest,"{""max_depth"": 20, ""min_samples_leaf"": 1}",0.6266864940421848,0.735897435897436,0.9047619047619048,0.9095238095238095,19,21,39,1.6918903869991482,0.13619994000146107,0.025084585999138653,,,
Glass,9,CART,"{""ccp_alpha"": 0.0, ""max_depth"": 10, ""min_samples_leaf"": 1}",0.6149839086168087,0.6474358974358975,0.6666666666666666,0.6581196581196581,14,21,40,0.1333626270006789,0.0009417310011485824,0.00011300799997115973,10,60,119
Glass,9,Logistic,"{""C"": 1.0}",0.6504661449454282,0.7458333333333332,0.7142857142857143,0.5222222222222223,15,21,40,0.2714900500013755,0.005796797999209957,9.105500066652894e-05,,,
Glass,9,BernoulliNB,"{""alpha"": 0.1}",0.6820669901361852,0.7306089743589744,0.6666666666666666,0.5619047619047619,14,21,40,0.021550434999880963,0.000556237999262521,0.0001679800006968435,,,
Glass,9,RandomForest,"{""max_depth"": 20, ""min_samples_leaf"": 1}",0.6570804369006417,0.7044871794871795,0.7619047619047619,0.5426587301587301,16,21,40,1.8424157480003487,0.11840415300139284,0.02303899199978332,,,
Glass,10,CART,"{""ccp_alpha"": 0.0, ""max_depth"": 10, ""min_samples_leaf"": 1}",0.6009777749474398,0.6578525641025641,0.5714285714285714,0.402020202020202,12,21,40,0.13176161400042474,0.000977595000222209,0.00015189599980658386,10,54,107
Glass,10,Logistic,"{""C"": 10.0}",0.5904746965768028,0.6943910256410257,0.7619047619047619,0.6842634489693312,16,21,40,0.1651887070001976,0.013758748000327614,0.00010981399827869609,,,
Glass,10,BernoulliNB,"{""alpha"": 1.0}",0.5831818373636474,0.6892628205128205,0.7619047619047619,0.669047619047619,16,21,40,0.021085252999910153,0.0005542250000871718,0.00016790000154287554,,,
Glass,10,RandomForest,"{""max_depth"": 20, ""min_samples_leaf"": 1}",0.633129934698562,0.7254006410256411,0.8095238095238095,0.7123015873015873,17,21,40,1.8074385489999258,0.12080653800148866,0.023372847999780788,,,
Heart,1,CART,"{""ccp_alpha"": 0.0, ""max_depth"": 10, ""min_samples_leaf"": 1}",0.3206435875785721,0.5441595441595443,0.6129032258064516,0.3754954954954955,19,31,45,0.14217416199971922,0.0014749349993508076,0.00012039899957017042,10,106,211
Heart,1,Logistic,"{""C"": 100.0}",0.32610789168974136,0.5365893365893366,0.5806451612903226,0.24842105263157893,18,31,45,0.28034747899982904,0.04033926600095583,0.00012776000039593782,,,
Heart,1,BernoulliNB,"{""alpha"": 0.1}",0.37929703724472613,0.5624745624745625,0.5483870967741935,0.30303030303030304,17,31,45,0.02160786099921097,0.0005777300011686748,0.00022006699873600155,,,
Heart,1,RandomForest,"{""max_depth"": 20, ""min_samples_leaf"": 1}",0.3003493768370694,0.5623524623524623,0.6129032258064516,0.2984210526315789,19,31,45,1.7874034979995486,0.11440964199937298,0.01264775500021642,,,
Heart,2,CART,"{""ccp_alpha"": 0.0, ""max_depth"": null, ""min_samples_leaf"": 1}",0.3680963024691493,0.5663003663003664,0.4838709677419355,0.23746031746031745,15,31,43,0.14613079100126924,0.0017335599986836314,0.0001535379997221753,14,112,223
Heart,2,Logistic,"{""C"": 100.0}",0.3464617756044539,0.5846967846967847,0.5806451612903226,0.2893366093366094,18,31,43,0.3066994109994994,0.03513294200092787,0.00012364399844955187,,,
Heart,2,BernoulliNB,"{""alpha"": 0.01}",0.3273301052976305,0.5661782661782662,0.5483870967741935,0.29803921568627445,17,31,43,0.02123150099941995,0.0005718709999200655,0.00016963199959718622,,,
Heart,2,RandomForest,"{""max_depth"": 20, ""min_samples_leaf"": 1}",0.31952250544818256,0.591941391941392,0.5483870967741935,0.21714285714285717,17,31,43,1.7502931729995908,0.12375347899978806,0.012798460000340128,,,
Heart,3,CART,"{""ccp_alpha"": 0.0, ""max_depth"": 5, ""min_samples_leaf"": 10}",0.3506783566393959,0.6251119251119251,0.5806451612903226,0.24410256410256412,18,31,45,0.14480365099916526,0.000964114999078447,0.00011563200132513884,5,19,37
Heart,3,Logistic,"{""C"": 10.0}",0.30579768102345134,0.5625559625559625,0.6129032258064516,0.3935353535353535,19,31,45,0.40249290999963705,0.02200486199944862,0.00010502700024517253,,,
Heart,3,BernoulliNB,"{""alpha"": 0.01}",0.2846867850121508,0.5478632478632479,0.5806451612903226,0.3686868686868686,18,31,45,0.02319892999912554,0.0006571980011358391,0.00017198599925905,,,
Heart,3,RandomForest,"{""max_depth"": 20, ""min_samples_leaf"": 1}",0.2839419853374588,0.5809116809116809,0.4838709677419355,0.33190476190476187,15,31,45,1.806818936000127,0.11921004699979676,0.02378170200063323,,,
Heart,4,CART,"{""ccp_alpha"": 0.0, ""max_depth"": null, ""min_samples_leaf"": 1}",0.4007208472396974,0.5677655677655679,0.5666666666666667,0.4607142857142857,17,30,45,0.14753715899860254,0.0015068429984239629,0.00012016900109301787,14,118,235
Heart,4,Logistic,"{""C"": 100.0}",0.36683699102437467,0.5567765567765569,0.6,0.31130952380952376,18,30,45,0.3865252239993424,0.06960156500099401,0.000198275000002468,,,
Heart,4,BernoulliNB,"{""alpha"": 1.0}",0.36576941439480143,0.5677655677655679,0.6333333333333333,0.439514652014652,19,30,45,0.06012656200073252,0.0005887959996471182,0.00017408999883627985,,,
Heart,4,RandomForest,"{""max_depth"": 20, ""min_samples_leaf"": 1}",0.34229025522403805,0.5860805860805861,0.5666666666666667,0.21777777777777776,17,30,45,1.937224100000094,0.12654959599967697,0.02381671799957985,,,
Heart,5,CART,"{""ccp_alpha"": 0.0, ""max_depth"": null, ""min_samples_leaf"": 1}",0.3181874168716274,0.5201465201465202,0.43333333333333335,0.28376068376068375,13,30,45,0.14306681999914872,0.001478830999985803,0.00011856600031023845,15,115,229
Heart,5,Logistic,"{""C"": 10.0}",0.3038557765389787,0.5347985347985348,0.5,0.30666666666666664,15,30,45,0.24847496999973373,0.06834475399955409,0.00015426999925693963,,,
Heart,5,BernoulliNB,"{""alpha"": 1.0}",0.32325251071933,0.5677655677655679,0.4666666666666667,0.25007680491551454,14,30,45,0.04378822499893431,0.004663841998990392,0.00020997299907321576,,,
Heart,5,RandomForest,"{""max_depth"": 20, ""min_samples_leaf"": 1}",0.30547201702970744,0.5421245421245421,0.6,0.3427197802197802,18,30,45,1.7346741759993165,0.12798991899944667,0.023954509000759572,,,
Heart,6,CART,"{""ccp_alpha"": 0.0, ""max_depth"": 5, ""min_samples_leaf"": 1}",0.35457718773707,0.5750915750915752,0.5666666666666667,0.3021978021978022,17,30,45,0.15002682900012587,0.0010697829984565033,0.00012096000136807561,5,26,51
Heart,6,Logistic,"{""C"": 100.0}",0.35832604877954327,0.5641025641025641,0.5333333333333333,0.24888888888888888,16,30,45,0.44041957999979786,0.02978866199919139,0.0001353919997200137,,,
Heart,6,BernoulliNB,"{""alpha"": 0.1}",0.3850542084204358,0.5970695970695971,0.4666666666666667,0.20294117647058824,14,30,45,0.0391307619993313,0.0006162270001368597,0.0001724760004435666,,,
Heart,6,RandomForest,"{""max_depth"": 20, ""min_samples_leaf"": 1}",0.3208965840132589,0.5750915750915752,0.6333333333333333,0.403030303030303,19,30,45,1.7594015499998932,0.11767060100100935,0.02310234499964281,,,
Heart,7,CART,"{""ccp_alpha"": 0.0, ""max_depth"": null, ""min_samples_leaf"": 1}",0.35111628752405455,0.5421245421245421,0.6666666666666666,0.46439393939393947,20,30,45,0.15483396500167146,0.0015519799999310635,0.00012595800035342108,14,114,227
Heart,7,Logistic,"{""C"": 10.0}",0.29963515189901996,0.5567765567765568,0.5666666666666667,0.25555555555555554,17,30,45,0.4887942999994266,0.04586161000042921,0.00015120500029297546,,,
Heart,7,BernoulliNB,"{""alpha"": 1.0}",0.38186440451146336,0.5714285714285715,0.6333333333333333,0.31823529411764706,19,30,45,0.02322354600073595,0.0005797429985250346,0.00017221599955519196,,,
Heart,7,RandomForest,"{""max_depth"": 20, ""min_samples_leaf"": 1}",0.32347190339267307,0.5860805860805861,0.5333333333333333,0.16842105263157894,16,30,45,1.81365290299982,0.1263264879999042,0.023082556001099874,,,
Heart,8,CART,"{""ccp_alpha"": 0.0, ""max_depth"": 10, ""min_samples_leaf"": 1}",0.3378266291514214,0.5347985347985348,0.4666666666666667,0.2788505747126437,14,30,45,0.1498893850002787,0.0015527109990216559,0.00014722900050401222,10,96,191
Heart,8,Logistic,"{""C"": 1.0}",0.3240155836234017,0.5824175824175825,0.5333333333333333,0.22205882352941178,16,30,45,0.35392275400045037,0.015305721000913763,9.781500011740718e-05,,,
Heart,8,BernoulliNB,"{""alpha"": 1.0}",0.3522578904786177,0.5677655677655679,0.5333333333333333,0.23649122807017547,16,30,45,0.023521249000623357,0.0007023649995971937,0.00019066399909206666,,,
Heart,8,RandomForest,"{""max_depth"": 20, ""min_samples_leaf"": 1}",0.3191167006101329,0.5677655677655677,0.5,0.20444444444444443,15,30,45,1.900745074999577,0.11659799500012014,0.022726365999915288,,,
Heart,9,CART,"{""ccp_alpha"": 0.0, ""max_depth"": 10, ""min_samples_leaf"": 1}",0.3332443623258423,0.5457875457875457,0.43333333333333335,0.14054054054054055,13,30,44,0.1418499890005478,0.0014122420016065007,0.00012085000162187498,10,94,187
Heart,9,Logistic,"{""C"": 100.0}",0.3076784394803292,0.5457875457875457,0.5333333333333333,0.20980392156862746,16,30,44,0.2832224469984794,0.02773592199991981,0.00011052400077460334,,,
Heart,9,BernoulliNB,"{""alpha"": 0.1}",0.32972807105040913,0.5567765567765567,0.5,0.19547511312217195,15,30,44,0.03520517900142295,0.00056674400002521,0.000167408999914187,,,
Heart,9,RandomForest,"{""max_depth"": 20, ""min_samples_leaf"": 1}",0.34182551149114615,0.5787545787545788,0.5666666666666667,0.22124542124542126,17,30,44,1.7469435930015607,0.12313680200168164,0.02316427699952328,,,
Heart,10,CART,"{""ccp_alpha"": 0.0, ""max_depth"": 10, ""min_samples_leaf"": 1}",0.34538927353580157,0.5421245421245421,0.5666666666666667,0.3218300653594771,17,30,45,0.14556225500018627,0.0014753060004295548,0.00012087899995094631,10,105,209
Heart,10,Logistic,"{""C"": 1.0}",0.33433780917939265,0.5860805860805861,0.5333333333333333,0.2591503267973856,16,30,45,0.2771637040004862,0.009863601000688504,9.324900020146742e-05,,,
Heart,10,BernoulliNB,"{""alpha"": 0.1}",0.3541850520421949,0.575091575091575,0.5,0.2511111111111111,15,30,45,0.021530395999434404,0.0005738740001106635,0.00016692899953341112,,,
Heart,10,RandomForest,"{""max_depth"": 20, ""min_samples_leaf"": 1}",0.32931494914610776,0.5860805860805861,0.6,0.33170426065162906,18,30,45,2.4880619319992547,0.3214841909993993,0.03324287899886258,,,
Hepatitis,1,CART,"{""ccp_alpha"": 0.0, ""max_depth"": 3, ""min_samples_leaf"": 10}",0.6465673524137623,0.7841504779525131,0.875,0.7142857142857143,14,16,50,0.15065246599988313,0.0007608429987158161,0.00011552200157893822,3,4,7
Hepatitis,1,Logistic,"{""C"": 1.0}",0.6765908265908266,0.8197656490903484,0.875,0.7948717948717949,14,16,50,0.22735547499905806,0.0028482600009738235,0.00018696799997997005,,,
Hepatitis,1,BernoulliNB,"{""alpha"": 0.01}",0.8071490147605029,0.8633980881899476,0.75,0.6666666666666667,12,16,50,0.029120053000951884,0.0006618650004384108,0.00017945699983101804,,,
Hepatitis,1,RandomForest,"{""max_depth"": 20, ""min_samples_leaf"": 1}",0.6018357072923636,0.7770582793709528,0.875,0.7948717948717949,14,16,50,3.8741625669990754,0.14864512799977092,0.05020686799980467,,,
Hepatitis,2,CART,"{""ccp_alpha"": 0.0, ""max_depth"": 5, ""min_samples_leaf"": 5}",0.7477271436806404,0.8342584027135369,0.8125,0.6444444444444444,13,16,50,0.1728229390009801,0.0007141930000216234,0.00011114600056316704,5,11,21
Hepatitis,2,Logistic,"{""C"": 1.0}",0.7789556731517798,0.8630897317298797,0.875,0.7948717948717949,14,16,50,0.12561864599956607,0.007123106999642914,9.736499850987457e-05,,,
Hepatitis,2,BernoulliNB,"{""alpha"": 0.01}",0.7886476431764785,0.8413506012950971,0.75,0.6666666666666667,12,16,50,0.02096412300124939,0.0006176789993332932,0.0001716049991955515,,,
Hepatitis,2,RandomForest,"{""max_depth"": 20, ""min_samples_leaf"": 1}",0.6814965268912637,0.81313598519889,0.875,0.7142857142857143,14,16,50,1.55586124599904,0.10911641900020186,0.02442047800104774,,,
Hepatitis,3,CART,"{""ccp_alpha"": 0.0, ""max_depth"": 3, ""min_samples_leaf"": 10}",0.6730915918558938,0.7910884983040395,0.75,0.6666666666666667,12,16,50,0.1293282319984428,0.0006214450004335959,0.00010684900007618126,3,5,9
Hepatitis,3,Logistic,"{""C"": 1.0}",0.7520599546915335,0.8485969781066913,0.8125,0.7257142857142858,13,16,50,0.0710643220008933,0.002133115000106045,8.743000034883153e-05,,,
Hepatitis,3,BernoulliNB,"{""alpha"": 0.01}",0.7987136554803426,0.8556891766882515,0.8125,0.7257142857142858,13,16,50,0.021706347999497666,0.0005709399993065745,0.00016768900059105363,,,
Hepatitis,3,RandomForest,"{""max_depth"": 20, ""min_samples_leaf"": 1}",0.6453056094232564,0.7983348751156337,0.8125,0.7257142857142858,13,16,50,1.542743126001369,0.10747912200167775,0.01297665399943071,,,
Hepatitis,4,CART,"{""ccp_alpha"": 0.0, ""max_depth"": 10, ""min_samples_leaf"": 1}",0.6919114780415091,0.812827628738822,0.75,0.6666666666666667,12,16,50,0.1380853400005435,0.0018643949988472741,0.00042930900053761434,8,25,49
Hepatitis,4,Logistic,"{""C"": 1.0}",0.7151072124756336,0.8421214924452668,0.875,0.7948717948717949,14,16,50,0.09961073100021167,0.0029835210007149726,9.386999954585917e-05,,,
Hepatitis,4,BernoulliNB,"{""alpha"": 0.1}",0.772791337396359,0.8347209374036386,0.8125,0.7681159420289855,13,16,50,0.03055705100086925,0.0006417349995899713,0.00018513599934522063,,,
Hepatitis,4,RandomForest,"{""max_depth"": 20, ""min_samples_leaf"": 1}",0.6868568140720038,0.8419673142152329,0.8125,0.6444444444444444,13,16,50,1.504683113000283,0.10744588200032013,0.012614524999662535,,,
Hepatitis,5,CART,"{""ccp_alpha"": 0.0, ""max_depth"": 3, ""min_samples_leaf"": 5}",0.6581851317792197,0.776595744680851,0.75,0.42857142857142855,12,16,50,0.12739531499937584,0.0006641680010943674,0.00010595700041449163,3,7,13
Hepatitis,5,Logistic,"{""C"": 1.0}",0.7013290779467249,0.8197656490903484,0.875,0.7948717948717949,14,16,50,0.08970312400015246,0.006468769001003238,9.435999891138636e-05,,,
Hepatitis,5,BernoulliNB,"{""alpha"": 1.0}",0.7590173506840173,0.8197656490903484,0.875,0.8333333333333333,14,16,50,0.028014305999022326,0.000604989998464589,0.00016903100004128646,,,
Hepatitis,5,RandomForest,"{""max_depth"": 20, ""min_samples_leaf"": 1}",0.658280316175053,0.8128276287388222,0.8125,0.6444444444444444,13,16,50,1.4824077989997022,0.10224553199986985,0.012645621000046958,,,
Hepatitis,6,CART,"{""ccp_alpha"": 0.0, ""max_depth"": 10, ""min_samples_leaf"": 1}",0.7617899822018814,0.8351834720937404,0.5333333333333333,0.4444444444444444,8,15,50,0.1290312700002687,0.0008159649987646844,0.00010707900037232321,8,24,47
Hepatitis,6,Logistic,"{""C"": 10.0}",0.7740943909068445,0.8499845821769966,0.6,0.48863636363636365,9,15,50,0.06231079300050624,0.004052091000630753,8.672900003148243e-05,,,
Hepatitis,6,BernoulliNB,"{""alpha"": 10.0}",0.769671770371304,0.864323157570151,0.8,0.7204968944099379,12,15,50,0.020923603000483126,0.0006083150001359172,0.00017277700135309715,,,
Hepatitis,6,RandomForest,"{""max_depth"": 20, ""min_samples_leaf"": 1}",0.6714516295878722,0.8288621646623496,0.7333333333333333,0.5833333333333334,11,15,50,1.6085671789987828,0.11156503299935139,0.013339494998945156,,,
Hepatitis,7,CART,"{""ccp_alpha"": 0.0, ""max_depth"": 5, ""min_samples_leaf"": 5}",0.7602711609240552,0.8290163428923836,0.8,0.64,12,15,50,0.1324230179998267,0.0006853300001239404,0.00011071500011894386,4,10,19
Hepatitis,7,Logistic,"{""C"": 100.0}",0.6891149798337844,0.7864631514030219,0.8666666666666667,0.8295454545454546,13,15,50,0.12861272200098028,0.009744503999172593,9.450099969399162e-05,,,
Hepatitis,7,BernoulliNB,"{""alpha"": 0.01}",0.7707408707408708,0.8285538082022819,0.7333333333333333,0.6590909090909092,11,15,50,0.02084117999947921,0.0005574500009970507,0.00016332299856003374,,,
Hepatitis,7,RandomForest,"{""max_depth"": 20, ""min_samples_leaf"": 1}",0.6716206613358512,0.8071230342275671,0.8,0.64,12,15,50,1.6658925819992874,0.10669425400010368,0.012369149999358342,,,
Hepatitis,8,CART,"{""ccp_alpha"": 0.0, ""max_depth"": 3, ""min_samples_leaf"": 1}",0.7312986187986188,0.8285538082022819,0.8,0.64,12,15,50,0.12833724699885352,0.0006955850003578234,0.00011129599988635164,3,7,13
Hepatitis,8,Logistic,"{""C"": 1.0}",0.6882606087869245,0.8285538082022819,0.8,0.64,12,15,50,0.1020487839996349,0.0025526290010020602,9.496200073044747e-05,,,
Hepatitis,8,BernoulliNB,"{""alpha"": 0.01}",0.81220261113556,0.8714153561517114,0.8,0.7204968944099379,12,15,50,0.024277354001242202,0.0006968380002945196,0.00018842100143956486,,,
Hepatitis,8,RandomForest,"{""max_depth"": 20, ""min_samples_leaf"": 1}",0.6589142035581664,0.8071230342275669,0.8,0.64,12,15,50,1.4734842110010504,0.10772865299986734,0.012417202000506222,,,
Hepatitis,9,CART,"{""ccp_alpha"": 0.0, ""max_depth"": 10, ""min_samples_leaf"": 1}",0.6622478821108958,0.7858464384828863,0.8666666666666667,0.7916666666666666,13,15,50,0.1381913640016137,0.0008755229991947999,0.00010977300007652957,10,27,53
Hepatitis,9,Logistic,"{""C"": 10.0}",0.6588486138021742,0.7930928152944805,0.7333333333333333,0.5833333333333334,11,15,50,0.18533502699938253,0.01863995300118404,0.00017638300050748512,,,
Hepatitis,9,BernoulliNB,"{""alpha"": 0.01}",0.7322134634634635,0.8001850138760407,1.0,1.0,15,15,50,0.02484429799915233,0.000704027999745449,0.000190763999853516,,,
Hepatitis,9,RandomForest,"{""max_depth"": 20, ""min_samples_leaf"": 1}",0.5946648815319702,0.7858464384828863,0.9333333333333333,0.9068322981366459,14,15,50,1.8025560570004018,0.11759709099897009,0.012834473000111757,,,
Hepatitis,10,CART,"{""ccp_alpha"": 0.0, ""max_depth"": 5, ""min_samples_leaf"": 5}",0.6706654383294612,0.7932469935245144,0.6666666666666666,0.4,10,15,50,0.13239795099980256,0.0007061409996822476,0.00011041499965358526,5,12,23
Hepatitis,10,Logistic,"{""C"": 1.0}",0.673243156480359,0.8143694110391612,0.8666666666666667,0.7115384615384616,13,15,50,0.0745479270008218,0.0026840999998967163,9.506099922873545e-05,,,
Hepatitis,10,BernoulliNB,"{""alpha"": 0.1}",0.76989373961914,0.8356460067838422,1.0,1.0,15,15,50,0.02337488100056362,0.0009158230004686629,0.00018062799972540233,,,
Hepatitis,10,RandomForest,"{""max_depth"": 20, ""min_samples_leaf"": 1}",0.6468542734237092,0.8214616096207216,0.8,0.64,12,15,50,1.586809374999575,0.11525603600057366,0.02376602299955266,,,
HorseColic,1,CART,"{""ccp_alpha"": 0.0, ""max_depth"": 3, ""min_samples_leaf"": 1}",0.8392575820101427,0.849085449085449,0.7837837837837838,0.7533333333333333,29,37,81,0.16298722999999882,0.0009284919997298857,0.00012020900067000184,3,8,15
HorseColic,1,Logistic,"{""C"": 0.1}",0.819488275903534,0.8368550368550368,0.8378378378378378,0.815,31,37,81,0.08754802600014955,0.0018084120001731208,8.417499884671997e-05,,,
HorseColic,1,BernoulliNB,"{""alpha"": 10.0}",0.8024050242977309,0.8187278187278187,0.7567567567567568,0.7281632653061225,28,37,81,0.021177942000576877,0.0005920009989495156,0.00016972299999906681,,,
HorseColic,1,RandomForest,"{""max_depth"": 20, ""min_samples_leaf"": 1}",0.8386387758820595,0.8520611520611521,0.8108108108108109,0.7791986359761296,30,37,81,1.7101464839997789,0.11411766200035345,0.02278779299922462,,,
HorseColic,2,CART,"{""ccp_alpha"": 0.0, ""max_depth"": 3, ""min_samples_leaf"": 10}",0.8004827705248566,0.8187005187005187,0.8108108108108109,0.805701425356339,30,37,81,0.15625632100091025,0.0008094149998214561,0.00011118600014015101,3,6,11
HorseColic,2,Logistic,"{""C"": 0.1}",0.8104392821188148,0.8277914277914279,0.8378378378378378,0.827639751552795,31,37,81,0.17979957399984414,0.01030417600122746,0.00010900300003413577,,,
HorseColic,2,BernoulliNB,"{""alpha"": 1.0}",0.7982638131271068,0.8095004095004095,0.8648648648648649,0.8582375478927202,32,37,81,0.024875113998859888,0.0007114190011634491,0.00019172500105923973,,,
HorseColic,2,RandomForest,"{""max_depth"": 20, ""min_samples_leaf"": 5}",0.8231462031710857,0.8399126399126399,0.8648648648648649,0.8582375478927202,32,37,81,1.7616045550003037,0.13558494900098594,0.012874661999376258,,,
HorseColic,3,CART,"{""ccp_alpha"": 0.0, ""max_depth"": 3, ""min_samples_leaf"": 10}",0.8096971005672678,0.8246519246519247,0.8648648648648649,0.8489795918367347,32,37,81,0.16335349499968288,0.0008602210000390187,0.00011688399899867363,3,7,13
HorseColic,3,Logistic,"{""C"": 1.0}",0.8006515156456239,0.8157521157521158,0.7837837837837838,0.7628205128205128,29,37,81,0.15779366999959166,0.003473871000096551,9.84859998425236e-05,,,
HorseColic,3,BernoulliNB,"{""alpha"": 0.01}",0.7889464002468235,0.8035217035217035,0.8648648648648649,0.8582375478927202,32,37,81,0.024772120999841718,0.0007294560000445927,0.000195320999409887,,,
HorseColic,3,RandomForest,"{""max_depth"": 20, ""min_samples_leaf"": 1}",0.8227180667374453,0.8398853398853398,0.8648648648648649,0.8489795918367347,32,37,81,1.6702436929990654,0.11509631399894715,0.01283956999941438,,,
HorseColic,4,CART,"{""ccp_alpha"": 0.0, ""max_depth"": 3, ""min_samples_leaf"": 5}",0.80879691353731,0.8217581217581218,0.8918918918918919,0.8850931677018633,33,37,81,0.18104121099895565,0.0011287099987384863,0.0001600579998921603,3,7,13
HorseColic,4,Logistic,"{""C"": 0.1}",0.8167422163612924,0.833906633906634,0.8378378378378378,0.8221153846153846,31,37,81,0.16359197000019776,0.0021412770001916215,9.496100028627552e-05,,,
HorseColic,4,BernoulliNB,"{""alpha"": 10.0}",0.8040026019123799,0.8218400218400218,0.7297297297297297,0.7127329192546584,27,37,81,0.02470555199943192,0.0007320290005736751,0.00019972700101789087,,,
HorseColic,4,RandomForest,"{""max_depth"": 20, ""min_samples_leaf"": 5}",0.822323633281763,0.83999453999454,0.8648648648648649,0.8542159180457052,32,37,81,1.6401476980008738,0.12188781299846596,0.023003218000667403,,,
HorseColic,5,CART,"{""ccp_alpha"": 0.0, ""max_depth"": 5, ""min_samples_leaf"": 5}",0.7975942570747584,0.8186732186732186,0.918918918918919,0.9149425287356322,34,37,80,0.16284415699919919,0.0010972329982905649,0.00011567200090212282,5,17,33
HorseColic,5,Logistic,"{""C"": 0.1}",0.8178446068198474,0.8337974337974338,0.8108108108108109,0.7885714285714285,30,37,80,0.1361092949991871,0.005974092000542441,9.445999967283569e-05,,,
HorseColic,5,BernoulliNB,"{""alpha"": 0.01}",0.8021910273796227,0.8156975156975156,0.8108108108108109,0.7959022852639874,30,37,80,0.03577426599986211,0.0006424759994843043,0.00017357800061290618,,,
HorseColic,5,RandomForest,"{""max_depth"": 20, ""min_samples_leaf"": 1}",0.8287234484098756,0.845864045864046,0.8378378378378378,0.8221153846153846,31,37,80,1.559676438999304,0.10982272999899578,0.02318764200026635,,,
HorseColic,6,CART,"{""ccp_alpha"": 0.0, ""max_depth"": 3, ""min_samples_leaf"": 5}",0.80878583480909,0.8246792246792247,0.8918918918918919,0.8878787878787879,33,37,81,0.15355004299999564,0.0008831150007608812,0.00011257799997110851,3,7,13
HorseColic,6,Logistic,"{""C"": 0.1}",0.8041080574935634,0.8216762216762216,0.8378378378378378,0.827639751552795,31,37,81,0.0768786970002111,0.0020825100000365637,9.342900011688471e-05,,,
HorseColic,6,BernoulliNB,"{""alpha"": 0.01}",0.8093901889563782,0.8215397215397217,0.7837837837837838,0.7757575757575758,29,37,81,0.028012082999339327,0.0005836380005348474,0.00020988199867133517,,,
HorseColic,6,RandomForest,"{""max_depth"": 20, ""min_samples_leaf"": 5}",0.8185970305385283,0.8337428337428338,0.8378378378378378,0.827639751552795,31,37,81,1.628669532999993,0.10466599500068696,0.012756337000610074,,,
HorseColic,7,CART,"{""ccp_alpha"": 0.0, ""max_depth"": 3, ""min_samples_leaf"": 5}",0.8500686981881245,0.8609882609882611,0.7837837837837838,0.7533333333333333,29,37,81,0.1559136910000234,0.0008100049999484327,0.00015771499965921976,3,7,13
HorseColic,7,Logistic,"{""C"": 0.1}",0.8231350743441533,0.8399126399126399,0.7837837837837838,0.7533333333333333,29,37,81,0.09499598200090986,0.0025631850003264844,8.526599958713632e-05,,,
HorseColic,7,BernoulliNB,"{""alpha"": 10.0}",0.8182627679277846,0.833906633906634,0.8108108108108109,0.7959022852639874,30,37,81,0.021318069999324507,0.0006031080010870937,0.00017470000057073776,,,
HorseColic,7,RandomForest,"{""max_depth"": 20, ""min_samples_leaf"": 5}",0.8410334306640695,0.854982254982255,0.7837837837837838,0.7533333333333333,29,37,81,1.7881037459992513,0.12837442199997895,0.02321948000098928,,,
HorseColic,8,CART,"{""ccp_alpha"": 0.0, ""max_depth"": 3, ""min_samples_leaf"": 5}",0.8396447152846273,0.855009555009555,0.8378378378378378,0.827639751552795,31,37,81,0.3267344360010611,0.0013143159994797315,0.0003683079994516447,3,7,13
HorseColic,8,Logistic,"{""C"": 0.1}",0.8100735569371983,0.8277095277095277,0.8648648648648649,0.8542159180457052,32,37,81,0.3311172590001661,0.002727429000515258,0.00026428300043335184,,,
HorseColic,8,BernoulliNB,"{""alpha"": 10.0}",0.8118312155708951,0.8277368277368278,0.7567567567567568,0.7375886524822695,28,37,81,0.02781278700058465,0.0005927419988438487,0.00017223599934368394,,,
HorseColic,8,RandomForest,"{""max_depth"": 20, ""min_samples_leaf"": 5}",0.8171665513391924,0.8338520338520339,0.8648648648648649,0.8542159180457052,32,37,81,2.1827975819996936,0.11588146299982327,0.012827602000470506,,,
HorseColic,9,CART,"{""ccp_alpha"": 0.0, ""max_depth"": 3, ""min_samples_leaf"": 5}",0.8380271773784856,0.8493584493584493,0.8055555555555556,0.7855319148936171,29,36,81,0.15935090799939644,0.0008571159996790811,0.00011503200039442163,3,7,13
HorseColic,9,Logistic,"{""C"": 0.1}",0.8175779056452627,0.8343161343161344,0.8333333333333334,0.8125,30,36,81,0.06974270499995328,0.002200936000008369,8.588800119468942e-05,,,
HorseColic,9,BernoulliNB,"{""alpha"": 0.01}",0.797364889214275,0.81012831012831,0.7777777777777778,0.7591973244147157,28,36,81,0.02463204200103064,0.0006364569999277592,0.0001793470000848174,,,
HorseColic,9,RandomForest,"{""max_depth"": 20, ""min_samples_leaf"": 5}",0.8170925152357172,0.8343161343161344,0.8333333333333334,0.8125,30,36,81,1.6747813160000078,0.10961922699971183,0.02326705100131221,,,
HorseColic,10,CART,"{""ccp_alpha"": 0.0, ""max_depth"": 5, ""min_samples_leaf"": 1}",0.8320114695349062,0.8433251433251433,0.9166666666666666,0.9080851063829787,33,36,81,0.15288843899907079,0.00117832400064799,0.000169201999597135,5,22,43
HorseColic,10,Logistic,"{""C"": 0.1}",0.81554545436963,0.8313131313131312,0.8888888888888888,0.875,32,36,81,0.14486802600004012,0.0018296429989277385,8.435499876213726e-05,,,
HorseColic,10,BernoulliNB,"{""alpha"": 10.0}",0.7967126014183902,0.8132951132951133,0.8611111111111112,0.8319327731092436,31,36,81,0.020814900999539532,0.0005846299991389969,0.0001709140015009325,,,
HorseColic,10,RandomForest,"{""max_depth"": 20, ""min_samples_leaf"": 5}",0.8253588454301896,0.8403221403221403,0.9166666666666666,0.904170363797693,33,36,81,1.6571012410004187,0.13054894899869396,0.02390842599925236,,,
Ionosphere,1,CART,"{""ccp_alpha"": 0.0, ""max_depth"": 5, ""min_samples_leaf"": 10}",0.9071837046275203,0.9174603174603174,0.8611111111111112,0.8319327731092436,31,36,155,0.18758039400017879,0.0013318919991434086,0.00015007299953140318,5,11,21
Ionosphere,1,Logistic,"{""C"": 0.1}",0.9035537389827848,0.9142857142857143,0.8888888888888888,0.8690909090909091,32,36,155,0.1911216959997546,0.0028186460003780667,0.0001008099989121547,,,
Ionosphere,1,BernoulliNB,"{""alpha"": 0.01}",0.8982954554954109,0.9079365079365079,0.8888888888888888,0.8690909090909091,32,36,155,0.02337316800003464,0.0007205930014606565,0.00017904600099427626,,,
Ionosphere,1,RandomForest,"{""max_depth"": 20, ""min_samples_leaf"": 1}",0.919659745535112,0.9269841269841269,0.8611111111111112,0.8319327731092436,31,36,155,1.718463912999141,0.12431964700044773,0.02357682699948782,,,
Ionosphere,2,CART,"{""ccp_alpha"": 0.0, ""max_depth"": 5, ""min_samples_leaf"": 5}",0.864131349590821,0.8799041629230309,0.8,0.7733580018501387,28,35,155,0.16787772399948153,0.0014130930012470344,0.00012865200005762745,5,13,25
Ionosphere,2,Logistic,"{""C"": 1.0}",0.915982116074107,0.9240790655884995,0.9142857142857143,0.9028677150786308,32,35,155,0.12046525000005204,0.0042043270004796796,9.372999920742586e-05,,,
Ionosphere,2,BernoulliNB,"{""alpha"": 0.01}",0.9024779254958283,0.9114705001497455,0.8857142857142857,0.8674242424242424,31,35,155,0.022025121999831754,0.0007293759990716353,0.00022694800099998247,,,
Ionosphere,2,RandomForest,"{""max_depth"": 20, ""min_samples_leaf"": 1}",0.912580079176689,0.9208745133273434,0.9428571428571428,0.9337121212121212,33,35,155,1.7204749070006073,0.1209253599990916,0.022712244999638642,,,
Ionosphere,3,CART,"{""ccp_alpha"": 0.0, ""max_depth"": 5, ""min_samples_leaf"": 10}",0.8751955280130064,0.8892183288409704,0.9714285714285714,0.967622571692877,34,35,155,0.16639223800120817,0.0012633500009542331,0.0002632310006447369,5,10,19
Ionosphere,3,Logistic,"{""C"": 0.1}",0.892854557687207,0.9050913447139862,0.9428571428571428,0.9365942028985508,33,35,155,0.09476097699916863,0.002745256000707741,8.969400005298667e-05,,,
Ionosphere,3,BernoulliNB,"{""alpha"": 1.0}",0.8879079271389262,0.8987421383647799,0.9714285714285714,0.9688888888888889,34,35,155,0.02472855600171897,0.0007939610004541464,0.00018295299923920538,,,
Ionosphere,3,RandomForest,"{""max_depth"": 20, ""min_samples_leaf"": 5}",0.9016340644531181,0.9114405510631925,1.0,1.0,35,35,155,1.7540703300001041,0.16040948400041088,0.023645974000828573,,,
Ionosphere,4,CART,"{""ccp_alpha"": 0.0, ""max_depth"": 3, ""min_samples_leaf"": 10}",0.8896514845035283,0.9018568433662774,0.9428571428571428,0.9337121212121212,33,35,155,0.17198855800052115,0.001055720998920151,0.00012420500024745706,3,6,11
Ionosphere,4,Logistic,"{""C"": 0.1}",0.89248657025278,0.9050913447139862,0.9142857142857143,0.9066666666666667,32,35,155,0.140711519999968,0.0026493029999983264,8.859199988364708e-05,,,
Ionosphere,4,BernoulliNB,"{""alpha"": 0.1}",0.9011771467075199,0.9114106019766397,0.8857142857142857,0.8776223776223776,31,35,155,0.02197589900060848,0.0006177890008984832,0.0001914449985633837,,,
Ionosphere,4,RandomForest,"{""max_depth"": 20, ""min_samples_leaf"": 5}",0.9118604197218808,0.920964360587002,0.9142857142857143,0.9066666666666667,32,35,155,1.7777930590000324,0.11591378100092697,0.022925041001144564,,,
Ionosphere,5,CART,"{""ccp_alpha"": 0.0, ""max_depth"": 5, ""min_samples_leaf"": 1}",0.9023241339427962,0.9113806528900869,0.8571428571428571,0.8299319727891157,30,35,155,0.16953501500029233,0.0013921019999543205,0.00012115099889342673,5,15,29
Ionosphere,5,Logistic,"{""C"": 1.0}",0.9192398410743282,0.9272536687631027,0.8571428571428571,0.8194014447884417,30,35,155,0.10772487800022645,0.007837175000531715,9.781500011740718e-05,,,
Ionosphere,5,BernoulliNB,"{""alpha"": 0.01}",0.9027633456098548,0.9114405510631925,0.8857142857142857,0.8674242424242424,31,35,155,0.022261774000071455,0.0006445399994845502,0.00017635299991525244,,,
Ionosphere,5,RandomForest,"{""max_depth"": 20, ""min_samples_leaf"": 5}",0.9229778296275027,0.9303683737646002,0.8857142857142857,0.8600000000000001,31,35,155,1.6710662770001363,0.12094946100114612,0.02332190200104378,,,
Ionosphere,6,CART,"{""ccp_alpha"": 0.0, ""max_depth"": 3, ""min_samples_leaf"": 10}",0.8959539230416397,0.9082659478885894,0.8285714285714286,0.8011363636363636,29,35,155,0.17090005799946084,0.0010306229996785987,0.00011884699961228762,3,6,11
Ionosphere,6,Logistic,"{""C"": 0.1}",0.9039393857873012,0.91455525606469,0.9428571428571428,0.9365942028985508,33,35,155,0.12849879299938038,0.006884157000968116,9.8165999588673e-05,,,
Ionosphere,6,BernoulliNB,"{""alpha"": 0.01}",0.9088460981717644,0.9176400119796346,0.8857142857142857,0.8776223776223776,31,35,155,0.04881950199887797,0.0007441880006808788,0.016565316000196617,,,
Ionosphere,6,RandomForest,"{""max_depth"": 20, ""min_samples_leaf"": 5}",0.9189042787873337,0.9272237196765499,0.9428571428571428,0.9365942028985508,33,35,155,1.6409046000007947,0.10860918300022604,0.02312890599932871,,,
Ionosphere,7,CART,"{""ccp_alpha"": 0.0, ""max_depth"": 5, ""min_samples_leaf"": 10}",0.854331727258182,0.8766696615753219,0.9428571428571428,0.9388111888111889,33,35,155,0.17406432600000699,0.0012619579993042862,0.00012059999971825164,5,11,21
Ionosphere,7,Logistic,"{""C"": 0.1}",0.9035778701514551,0.91455525606469,0.9714285714285714,0.9688888888888889,34,35,155,0.09018788600042171,0.0030151069986459333,0.00014833999921393115,,,
Ionosphere,7,BernoulliNB,"{""alpha"": 0.1}",0.8987396127899561,0.9082659478885894,0.9428571428571428,0.9365942028985508,33,35,155,0.03163719900112483,0.0007133020008041058,0.0002392369988228893,,,
Ionosphere,7,RandomForest,"{""max_depth"": 20, ""min_samples_leaf"": 5}",0.904419139286885,0.914525306978137,0.9714285714285714,0.9688888888888889,34,35,155,1.681900362000306,0.115079314000468,0.023108123999918462,,,
Ionosphere,8,CART,"{""ccp_alpha"": 0.0, ""max_depth"": 3, ""min_samples_leaf"": 10}",0.8598033538590736,0.8734351602276131,0.9142857142857143,0.9066666666666667,32,35,155,0.17146332499942218,0.0010488210009498289,0.00012526600039564073,3,6,11
Ionosphere,8,Logistic,"{""C"": 0.1}",0.9030840334918038,0.9146750524109014,0.9142857142857143,0.9066666666666667,32,35,155,0.07177103399953921,0.003369956000824459,9.319899982074276e-05,,,
Ionosphere,8,BernoulliNB,"{""alpha"": 1.0}",0.8945097713119061,0.9051212938005392,0.9142857142857143,0.9066666666666667,32,35,155,0.021901678999711294,0.000631220000286703,0.0001816709991544485,,,
Ionosphere,8,RandomForest,"{""max_depth"": 20, ""min_samples_leaf"": 1}",0.9073610217440269,0.9177897574123989,0.9142857142857143,0.9066666666666667,32,35,155,1.6693592319988966,0.11437978200046928,0.0241386079997028,,,
Ionosphere,9,CART,"{""ccp_alpha"": 0.0, ""max_depth"": 5, ""min_samples_leaf"": 10}",0.8807091230911078,0.8955076370170709,0.9142857142857143,0.911690496215307,32,35,155,0.1652017659998819,0.001282177998291445,0.00012077899918949697,5,11,21
Ionosphere,9,Logistic,"{""C"": 0.1}",0.892825801830026,0.9050314465408805,0.9142857142857143,0.9095607235142118,32,35,155,0.17185100300048362,0.009211539998432272,0.00010076000035041943,,,
Ionosphere,9,BernoulliNB,"{""alpha"": 1.0}",0.9054369191616938,0.9144953578915843,0.8857142857142857,0.8776223776223776,31,35,155,0.022376074999556295,0.0006609840002056444,0.00018181100131187122,,,
Ionosphere,9,RandomForest,"{""max_depth"": 20, ""min_samples_leaf"": 5}",0.8998860835754319,0.9113507038035339,0.9714285714285714,0.9698535745047372,34,35,155,1.7083250129999215,0.10846025099999679,0.023818170999220456,,,
Ionosphere,10,CART,"{""ccp_alpha"": 0.0, ""max_depth"": 3, ""min_samples_leaf"": 5}",0.8852931170116142,0.8985624438454627,0.8571428571428571,0.8299319727891157,30,35,155,0.16580065699963598,0.0011839120015793014,0.00012621799942280632,3,7,13
Ionosphere,10,Logistic,"{""C"": 0.1}",0.9028759820426487,0.9144354597184785,0.9142857142857143,0.9066666666666667,32,35,155,0.15869773000122223,0.006262971999603906,0.00011018399891327135,,,
Ionosphere,10,BernoulliNB,"{""alpha"": 0.1}",0.8945570269806371,0.904941599281222,0.9428571428571428,0.9388111888111889,33,35,155,0.025436869998884504,0.0009314059989264933,0.00020713799858640414,,,
Ionosphere,10,RandomForest,"{""max_depth"": 20, ""min_samples_leaf"": 5}",0.9136224461161818,0.9238993710691824,0.8857142857142857,0.8731884057971014,31,35,155,1.7290101510006934,0.1145763149997947,0.013037303999226424,,,
Iris,1,CART,"{""ccp_alpha"": 0.0, ""max_depth"": 3, ""min_samples_leaf"": 10}",0.9702380952380952,0.9703703703703703,0.8666666666666667,0.8666666666666667,13,15,16,0.12331252800140646,0.0005684160005330341,0.00010474599912413396,3,5,9
Iris,1,Logistic,"{""C"": 0.01}",0.9628721065734415,0.9629629629629629,0.8666666666666667,0.8666666666666667,13,15,16,0.10725558500053012,0.0017306059999100398,8.582800001022406e-05,,,
Iris,1,BernoulliNB,"{""alpha"": 10.0}",0.9628721065734415,0.9629629629629629,0.8666666666666667,0.8666666666666667,13,15,16,0.022707498001182103,0.000543218999155215,0.00016081899957498536,,,
Iris,1,RandomForest,"{""max_depth"": 20, ""min_samples_leaf"": 5}",0.9553571428571428,0.9555555555555556,0.8666666666666667,0.8666666666666667,13,15,16,1.6890047470005811,0.12041025799953786,0.013056593999863253,,,
Iris,2,CART,"{""ccp_alpha"": 0.0, ""max_depth"": 3, ""min_samples_leaf"": 10}",0.9480076334080784,0.9481481481481482,1.0,1.0,15,15,16,0.1297858380003163,0.0006646100009675138,0.0001080109996109968,3,5,9
Iris,2,Logistic,"{""C"": 0.01}",0.9406748238783834,0.9407407407407407,1.0,1.0,15,15,16,0.1341315659992688,0.0013916319985582959,7.817699952283874e-05,,,
Iris,2,BernoulliNB,"{""alpha"": 0.01}",0.9481234293247641,0.9481481481481482,1.0,1.0,15,15,16,0.030496285999106476,0.0006260320005821995,0.00022047799939173274,,,
Iris,2,RandomForest,"{""max_depth"": 20, ""min_samples_leaf"": 1}",0.9481234293247641,0.9481481481481482,1.0,1.0,15,15,16,1.5688491820001218,0.11868739499914227,0.01273405299980368,,,
Iris,3,CART,"{""ccp_alpha"": 0.0, ""max_depth"": 3, ""min_samples_leaf"": 10}",0.9479236812570146,0.9481481481481482,1.0,1.0,15,15,16,0.14618567300021823,0.0005551060003199382,0.00010453499999130145,3,5,9
Iris,3,Logistic,"{""C"": 10.0}",0.9555225971243769,0.9555555555555556,1.0,1.0,15,15,16,0.0638664490015799,0.003326340000057826,8.175199945981149e-05,,,
Iris,3,BernoulliNB,"{""alpha"": 0.01}",0.9480572917586266,0.9481481481481482,1.0,1.0,15,15,16,0.02124941699912597,0.0005993319991830504,0.00016385399976570625,,,
Iris,3,RandomForest,"{""max_depth"": 20, ""min_samples_leaf"": 5}",0.9481234293247641,0.9481481481481482,1.0,1.0,15,15,16,1.5855288880011358,0.10660677799933183,0.012627645000975463,,,
Iris,4,CART,"{""ccp_alpha"": 0.0, ""max_depth"": 10, ""min_samples_leaf"": 1}",0.9478907228258359,0.9481481481481481,0.8666666666666667,0.8666666666666667,13,15,16,0.12218723299884005,0.0005722620007873047,0.0001069390000338899,7,10,19
Iris,4,Logistic,"{""C"": 0.01}",0.9555225971243769,0.9555555555555556,0.8666666666666667,0.8666666666666667,13,15,16,0.06034784199982823,0.001543076999951154,8.417499884671997e-05,,,
Iris,4,BernoulliNB,"{""alpha"": 1.0}",0.9555225971243769,0.9555555555555556,0.8666666666666667,0.8666666666666667,13,15,16,0.021986714999002288,0.000590077999731875,0.00016186100037884898,,,
Iris,4,RandomForest,"{""max_depth"": 20, ""min_samples_leaf"": 1}",0.9478907228258359,0.9481481481481481,0.8666666666666667,0.8666666666666667,13,15,16,5.511104017999969,0.12318924999999581,0.023685079000642872,,,
Iris,5,CART,"{""ccp_alpha"": 0.0, ""max_depth"": 3, ""min_samples_leaf"": 10}",0.9629547233551684,0.9629629629629629,0.9333333333333333,0.9326599326599326,14,15,16,0.12389349300065078,0.0006158069991215598,0.00011977800022577867,3,5,9
Iris,5,Logistic,"{""C"": 10.0}",0.947991154192489,0.9481481481481482,0.9333333333333333,0.9326599326599326,14,15,16,0.07944134999888774,0.002695302000574884,8.202200115192682e-05,,,
Iris,5,BernoulliNB,"{""alpha"": 0.01}",0.9478907228258359,0.9481481481481481,0.9333333333333333,0.9326599326599326,14,15,16,0.02154472699839971,0.0006215049997990718,0.0001644139993004501,,,
Iris,5,RandomForest,"{""max_depth"": 20, ""min_samples_leaf"": 5}",0.9405423280423281,0.9407407407407408,0.9333333333333333,0.9326599326599326,14,15,16,1.7359601799998927,0.1281515099999524,0.025456114000917296,,,
Iris,6,CART,"{""ccp_alpha"": 0.0, ""max_depth"": 3, ""min_samples_leaf"": 10}",0.9480572917586266,0.9481481481481482,0.9333333333333333,0.9326599326599326,14,15,16,0.12720058599916229,0.0005897270002606092,0.0001106650015572086,3,5,9
Iris,6,Logistic,"{""C"": 0.01}",0.9481399085403535,0.9481481481481482,0.9333333333333333,0.9326599326599326,14,15,16,0.054607306999969296,0.001898886001072242,9.272799979953561e-05,,,
Iris,6,BernoulliNB,"{""alpha"": 0.01}",0.9481399085403535,0.9481481481481482,0.9333333333333333,0.9326599326599326,14,15,16,0.02411270899938245,0.0006340939999063266,0.0001806090003810823,,,
Iris,6,RandomForest,"{""max_depth"": 20, ""min_samples_leaf"": 5}",0.948073770974216,0.9481481481481482,0.9333333333333333,0.9326599326599326,14,15,16,1.7109095089999755,0.12215516000105708,0.012876460999905248,,,
Iris,7,CART,"{""ccp_alpha"": 0.0, ""max_depth"": 3, ""min_samples_leaf"": 10}",0.9480904708935856,0.9481481481481481,0.9333333333333333,0.9326599326599326,14,15,16,0.12409962000128871,0.000592120999499457,0.00010901200039370451,3,5,9
Iris,7,Logistic,"{""C"": 0.01}",0.9406913030939728,0.9407407407407407,0.9333333333333333,0.9326599326599326,14,15,16,0.11827426400122931,0.004477984999539331,0.000165655999808223,,,
Iris,7,BernoulliNB,"{""alpha"": 0.01}",0.9406913030939728,0.9407407407407407,0.9333333333333333,0.9326599326599326,14,15,16,0.021231941000223742,0.0005410060002759565,0.0001600380001036683,,,
Iris,7,RandomForest,"{""max_depth"": 20, ""min_samples_leaf"": 5}",0.9406913030939728,0.9407407407407407,0.9333333333333333,0.9326599326599326,14,15,16,1.596360564999486,0.11026704100004281,0.012899150000521331,,,
Iris,8,CART,"{""ccp_alpha"": 0.0, ""max_depth"": 3, ""min_samples_leaf"": 10}",0.9628885857890307,0.9629629629629629,0.9333333333333333,0.9326599326599326,14,15,16,0.12106369100001757,0.0005609750005532987,0.00010479600132384803,3,5,9
Iris,8,Logistic,"{""C"": 100.0}",0.9555225971243769,0.9555555555555556,0.9333333333333333,0.9326599326599326,14,15,16,0.07329736599967873,0.0024472819986840477,7.927800106699578e-05,,,
Iris,8,BernoulliNB,"{""alpha"": 0.1}",0.9480572917586266,0.9481481481481482,0.9333333333333333,0.9326599326599326,14,15,16,0.020887799000774976,0.0006028480001987191,0.0001595779995113844,,,
Iris,8,RandomForest,"{""max_depth"": 20, ""min_samples_leaf"": 1}",0.9629217649239896,0.9629629629629629,0.9333333333333333,0.9326599326599326,14,15,16,1.5608923599993432,0.11690988400005153,0.024020371998631163,,,
Iris,9,CART,"{""ccp_alpha"": 0.0, ""max_depth"": 3, ""min_samples_leaf"": 10}",0.9402922520815858,0.9407407407407408,1.0,1.0,15,15,16,0.12484557000061614,0.0005678550005541183,0.00010819100134540349,3,5,9
Iris,9,Logistic,"{""C"": 0.1}",0.9405423280423281,0.9407407407407408,1.0,1.0,15,15,16,0.11724113099990063,0.001888460999907693,0.00010883199865929782,,,
Iris,9,BernoulliNB,"{""alpha"": 0.01}",0.9331763393776743,0.9333333333333335,1.0,1.0,15,15,16,0.021565858000030858,0.0006964869990042644,0.00017183499949169345,,,
Iris,9,RandomForest,"{""max_depth"": 20, ""min_samples_leaf"": 5}",0.9402922520815858,0.9407407407407408,1.0,1.0,15,15,16,1.5463780159989255,0.10852450799939106,0.013501385999916238,,,
Iris,10,CART,"{""ccp_alpha"": 0.0, ""max_depth"": 3, ""min_samples_leaf"": 10}",0.9477575574473361,0.9481481481481482,0.9333333333333333,0.9326599326599326,14,15,16,0.1200910740008112,0.0006049700004950864,0.0001240740002685925,3,5,9
Iris,10,Logistic,"{""C"": 0.01}",0.9480904708935854,0.9481481481481482,0.9333333333333333,0.9326599326599326,14,15,16,0.14123867899979814,0.0014557369995600311,7.999899935384747e-05,,,
Iris,10,BernoulliNB,"{""alpha"": 0.01}",0.9480904708935854,0.9481481481481482,0.9333333333333333,0.9326599326599326,14,15,16,0.021435033999296138,0.0005454919992189389,0.00016002799929992761,,,
Iris,10,RandomForest,"{""max_depth"": 20, ""min_samples_leaf"": 5}",0.9477575574473361,0.9481481481481482,0.9333333333333333,0.9326599326599326,14,15,16,1.5975563450010668,0.11361830900023051,0.012573364001582377,,,
Led7,1,CART,"{""ccp_alpha"": 0.0, ""max_depth"": 10, ""min_samples_leaf"": 5}",0.7431340996405638,0.7451388888888889,0.778125,0.7774522392829004,249,320,14,0.21625202900031582,0.0028164420000393875,0.00016077899999800138,7,71,141
Led7,1,Logistic,"{""C"": 1.0}",0.7501603244719872,0.75,0.778125,0.7786399751614296,249,320,14,0.3461928730012005,0.016892151999854832,0.00012504599908425007,,,
Led7,1,BernoulliNB,"{""alpha"": 10.0}",0.7495426933497539,0.7496527777777778,0.78125,0.7815211403614155,250,320,14,0.024901543998566922,0.0007747729996481212,0.00019514999985403847,,,
Led7,1,RandomForest,"{""max_depth"": 20, ""min_samples_leaf"": 5}",0.7445509619600114,0.7468750000000001,0.778125,0.7773498327288809,249,320,14,2.531176084001345,0.16536913000163622,0.023486516998673324,,,
Led7,2,CART,"{""ccp_alpha"": 0.0, ""max_depth"": 10, ""min_samples_leaf"": 5}",0.7498350917085067,0.7513888888888888,0.709375,0.7063240478367917,227,320,14,0.22332671900039713,0.002929469999799039,0.00017552200006321073,7,74,147
Led7,2,Logistic,"{""C"": 0.1}",0.7535605849565071,0.7545138888888889,0.721875,0.7177186235429033,231,320,14,0.23208264099957887,0.03547939700001734,0.0001381149995722808,,,
Led7,2,BernoulliNB,"{""alpha"": 0.01}",0.7533608057821475,0.7541666666666668,0.725,0.7211579356675601,232,320,14,0.026233886999762035,0.0008065399997576606,0.0002291310011059977,,,
Led7,2,RandomForest,"{""max_depth"": 20, ""min_samples_leaf"": 5}",0.7500477561814493,0.7520833333333333,0.71875,0.7139027508992097,230,320,14,2.73925732600037,0.18651199899977655,0.03362766099962755,,,
Led7,3,CART,"{""ccp_alpha"": 0.001, ""max_depth"": 10, ""min_samples_leaf"": 1}",0.7532847253223508,0.7552083333333334,0.753125,0.7519690482247771,241,320,14,0.2272032790006051,0.002979114000481786,0.00014421500054595526,7,39,77
Led7,3,Logistic,"{""C"": 1.0}",0.7578053420704958,0.7579861111111111,0.75,0.7492700180708983,240,320,14,0.3680990530010604,0.01768275900030858,0.00012790000073437113,,,
Led7,3,BernoulliNB,"{""alpha"": 10.0}",0.7535094568804843,0.7541666666666668,0.753125,0.7517412332801585,241,320,14,0.024701916001504287,0.0008942109998315573,0.0003589449988794513,,,
Led7,3,RandomForest,"{""max_depth"": 20, ""min_samples_leaf"": 5}",0.7543988040724207,0.7555555555555555,0.753125,0.7514603785054276,241,320,14,2.676336659000299,0.20045858199955546,0.033965933998842956,,,
Led7,4,CART,"{""ccp_alpha"": 0.0, ""max_depth"": 10, ""min_samples_leaf"": 5}",0.7488778382222829,0.7510416666666667,0.715625,0.7157000169456715,229,320,14,0.21975124799973855,0.0028380240000842605,0.00018553600057202857,7,73,145
Led7,4,Logistic,"{""C"": 0.1}",0.7541500214118204,0.7548611111111111,0.73125,0.7335180801055323,234,320,14,0.3033512479996716,0.02118586300093739,0.00014683900008094497,,,
Led7,4,BernoulliNB,"{""alpha"": 10.0}",0.7501810699467452,0.7506944444444444,0.734375,0.7371264720229229,235,320,14,0.03542826200100535,0.0007751730008749291,0.00019723299919860438,,,
Led7,4,RandomForest,"{""max_depth"": 20, ""min_samples_leaf"": 5}",0.7480635402997149,0.7496527777777778,0.721875,0.7218207332204069,231,320,14,2.7729552159999002,0.18219160800072132,0.034126894001019537,,,
Led7,5,CART,"{""ccp_alpha"": 0.001, ""max_depth"": 10, ""min_samples_leaf"": 1}",0.7499978645960156,0.7517361111111112,0.734375,0.7339261987194117,235,320,14,0.22498271800031944,0.0029849830007151468,0.00017474999913247302,7,39,77
Led7,5,Logistic,"{""C"": 1.0}",0.7544163803918478,0.7552083333333334,0.73125,0.7307744425720222,234,320,14,0.3333357570008957,0.018032875999779208,0.0001301240008615423,,,
Led7,5,BernoulliNB,"{""alpha"": 10.0}",0.7563064668472834,0.7572916666666667,0.73125,0.7311722762145262,234,320,14,0.027130471000418765,0.0007842169998184545,0.0002261970003019087,,,
Led7,5,RandomForest,"{""max_depth"": 20, ""min_samples_leaf"": 5}",0.7494125708732859,0.7510416666666666,0.734375,0.7339261987194117,235,320,14,2.8607490840004175,0.18362384499960172,0.02399576499919931,,,
Led7,6,CART,"{""ccp_alpha"": 0.0, ""max_depth"": 10, ""min_samples_leaf"": 5}",0.7441221429790129,0.7461805555555555,0.778125,0.7753659666449646,249,320,14,0.22885981999934302,0.0027522669988684356,0.00014815000031376258,7,74,147
Led7,6,Logistic,"{""C"": 0.1}",0.7533912502967549,0.7541666666666668,0.78125,0.7802671929631161,250,320,14,0.32273800800066965,0.02946866099955514,0.00017040400052792393,,,
Led7,6,BernoulliNB,"{""alpha"": 1.0}",0.7460241504469213,0.7468750000000001,0.784375,0.7830003888503083,251,320,14,0.029207691999545204,0.0009807599999476224,0.00023039200095809065,,,
Led7,6,RandomForest,"{""max_depth"": 20, ""min_samples_leaf"": 5}",0.7460084607835289,0.7482638888888888,0.7875,0.7847706227800828,252,320,14,2.9379799439993803,0.20879803400021046,0.023756649001370533,,,
Led7,7,CART,"{""ccp_alpha"": 0.001, ""max_depth"": 10, ""min_samples_leaf"": 1}",0.7436954938440596,0.7454861111111111,0.775,0.7751565772950216,248,320,14,0.2185200050007552,0.002930532000391395,0.00014373400153999683,7,38,75
Led7,7,Logistic,"{""C"": 1.0}",0.7569467403142779,0.7572916666666667,0.7625,0.7610074700477414,244,320,14,0.26102110400097445,0.018044717000520905,0.00012634799895749893,,,
Led7,7,BernoulliNB,"{""alpha"": 0.01}",0.7550645419154769,0.7555555555555555,0.7625,0.7610559360615758,244,320,14,0.037157304999709595,0.000820040999315097,0.00023088400121196173,,,
Led7,7,RandomForest,"{""max_depth"": 20, ""min_samples_leaf"": 5}",0.7494042880940176,0.7513888888888888,0.765625,0.7650655122161428,245,320,14,2.555993075000515,0.17536996999842813,0.022718453999914345,,,
Led7,8,CART,"{""ccp_alpha"": 0.001, ""max_depth"": 10, ""min_samples_leaf"": 1}",0.7525107509965986,0.7548611111111111,0.7125,0.708652741520021,228,320,14,0.22163067499968747,0.0029133869993529515,0.00014451499919232447,7,40,79
Led7,8,Logistic,"{""C"": 10.0}",0.7553009792081236,0.7569444444444445,0.725,0.7231325454558604,232,320,14,0.3156227179988491,0.028063789999578148,0.0001993569985643262,,,
Led7,8,BernoulliNB,"{""alpha"": 0.01}",0.7543198125121537,0.7559027777777777,0.725,0.7234197211306851,232,320,14,0.03906074800033821,0.0009742300007928861,0.00022707800053467508,,,
Led7,8,RandomForest,"{""max_depth"": 20, ""min_samples_leaf"": 5}",0.7529006903022526,0.7548611111111111,0.709375,0.7046583564403985,227,320,14,2.510928095000054,0.17878497400124616,0.022747577999325586,,,
Led7,9,CART,"{""ccp_alpha"": 0.001, ""max_depth"": 10, ""min_samples_leaf"": 1}",0.7466535455710482,0.7489583333333334,0.753125,0.7507546149250628,241,320,14,0.2172593989998859,0.002918573998613283,0.0001465479999751551,7,39,77
Led7,9,Logistic,"{""C"": 10.0}",0.7506311933392523,0.7520833333333333,0.746875,0.7452653867066017,239,320,14,0.36073265800041554,0.025348479000967927,0.00013171600039640907,,,
Led7,9,BernoulliNB,"{""alpha"": 0.01}",0.7510707982426149,0.7527777777777778,0.75,0.7476606237243766,240,320,14,0.04353133199947479,0.0009386969995830441,0.00022593699941353407,,,
Led7,9,RandomForest,"{""max_depth"": 20, ""min_samples_leaf"": 5}",0.7453772178911816,0.7479166666666667,0.75625,0.7537144933968946,242,320,14,2.5041254210009356,0.24891197999932047,0.02323720599997614,,,
Led7,10,CART,"{""ccp_alpha"": 0.0, ""max_depth"": 10, ""min_samples_leaf"": 5}",0.7436603657068948,0.7454861111111111,0.78125,0.7779366898076534,250,320,14,0.22660071199970844,0.0027860770005645463,0.00015055399853736162,7,74,147
Led7,10,Logistic,"{""C"": 1.0}",0.7473712173324513,0.7475694444444444,0.790625,0.7888307857503356,253,320,14,0.2877314689994819,0.02559172099972784,0.00014548700164596085,,,
Led7,10,BernoulliNB,"{""alpha"": 10.0}",0.7452326191193474,0.7454861111111111,0.790625,0.7875948204338035,253,320,14,0.03840646499884315,0.000813440999991144,0.000192707000678638,,,
Led7,10,RandomForest,"{""max_depth"": 20, ""min_samples_leaf"": 5}",0.7462894092939364,0.748263888888889,0.7875,0.7837227723028094,252,320,14,2.921854524000082,0.16844543300067016,0.02316951499960851,,,
LetRecog,1,CART,"{""ccp_alpha"": 0.0, ""max_depth"": null, ""min_samples_leaf"": 1}",0.7511675921747952,0.751,0.775,0.7751909850430128,1550,2000,76,4.74232835300063,0.30971308700100053,0.000816435000160709,33,3747,7493
LetRecog,1,Logistic,"{""C"": 100.0}",0.6927699609994119,0.6922777777777779,0.711,0.7093188625922372,1422,2000,76,47.90644975700161,8.89952768600051,0.0005358269991120324,,,
LetRecog,1,BernoulliNB,"{""alpha"": 0.01}",0.5668168533312152,0.5707222222222222,0.581,0.5783202449188048,1162,2000,76,0.08615598400137969,0.006476688999100588,0.0006581899997399887,,,
LetRecog,1,RandomForest,"{""max_depth"": 20, ""min_samples_leaf"": 1}",0.8055570608749477,0.8052222222222222,0.833,0.8324672286224286,1666,2000,76,8.823336092000318,1.2389232860004995,0.059614814999804366,,,
LetRecog,2,CART,"{""ccp_alpha"": 0.0, ""max_depth"": null, ""min_samples_leaf"": 1}",0.7563450937014818,0.7561666666666667,0.783,0.7812231417242406,1566,2000,76,4.867394971999602,0.32183351700041385,0.0007876420004322426,29,3723,7445
LetRecog,2,Logistic,"{""C"": 10.0}",0.6921184056712774,0.6919444444444446,0.701,0.6997404394981819,1402,2000,76,14.01034712999899,1.8744593969986454,0.0035575050005718367,,,
LetRecog,2,BernoulliNB,"{""alpha"": 0.01}",0.5671350968765722,0.5705,0.5765,0.5710630475724109,1153,2000,76,0.09209745800035307,0.004203466000035405,0.000598390999584808,,,
LetRecog,2,RandomForest,"{""max_depth"": 20, ""min_samples_leaf"": 1}",0.8039494660831362,0.8038333333333334,0.823,0.8218502220270943,1646,2000,76,7.68754138300028,1.1400293319984485,0.04453630300122313,,,
LetRecog,3,CART,"{""ccp_alpha"": 0.0, ""max_depth"": null, ""min_samples_leaf"": 1}",0.7548048062475569,0.7548333333333334,0.771,0.770839986968525,1542,2000,76,5.345343183998921,0.337497581000207,0.001097933998607914,30,3754,7507
LetRecog,3,Logistic,"{""C"": 10.0}",0.6930931457998212,0.692888888888889,0.688,0.6878237365282173,1376,2000,76,14.294030138999005,1.673587340001177,0.0006055120011296822,,,
LetRecog,3,BernoulliNB,"{""alpha"": 0.01}",0.5683513839130551,0.5718888888888889,0.5765,0.5724245841944646,1153,2000,76,0.06793182999899727,0.0037401669997052522,0.000632171000688686,,,
LetRecog,3,RandomForest,"{""max_depth"": null, ""min_samples_leaf"": 1}",0.8048269133632407,0.8052777777777779,0.811,0.8106532635036647,1622,2000,76,7.510512432998439,1.2831755009992776,0.03483612000127323,,,
LetRecog,4,CART,"{""ccp_alpha"": 0.0, ""max_depth"": null, ""min_samples_leaf"": 1}",0.7507509569707312,0.7505555555555556,0.765,0.7642877918914195,1530,2000,76,4.715273585001341,0.3084644680002384,0.0008269209993159166,30,3735,7469
LetRecog,4,Logistic,"{""C"": 100.0}",0.6945491541214888,0.6943333333333334,0.6915,0.692192403541176,1383,2000,76,13.688789158999498,2.2147239459991397,0.000517099999342463,,,
LetRecog,4,BernoulliNB,"{""alpha"": 0.01}",0.5681801059376688,0.5723333333333334,0.573,0.5711576486514514,1146,2000,76,0.0794892419999087,0.0039010059990687296,0.0006015259987179888,,,
LetRecog,4,RandomForest,"{""max_depth"": 20, ""min_samples_leaf"": 1}",0.8054730797605435,0.8053888888888889,0.814,0.8142340756981687,1628,2000,76,7.706503355000677,1.0507641010008228,0.03430849500000477,,,
LetRecog,5,CART,"{""ccp_alpha"": 0.0, ""max_depth"": null, ""min_samples_leaf"": 1}",0.749417174218448,0.7497777777777778,0.7575,0.7580837279918282,1515,2000,76,4.795605465000335,0.31031111599986616,0.0007908870011306135,29,3661,7321
LetRecog,5,Logistic,"{""C"": 10.0}",0.6934045322053608,0.6931666666666668,0.694,0.6954217881305019,1388,2000,76,13.544082398000683,1.5432611470005213,0.0005109909998282092,,,
LetRecog,5,BernoulliNB,"{""alpha"": 0.01}",0.5653583309124255,0.5689444444444444,0.556,0.5528365747653413,1112,2000,76,0.07401213999946776,0.004968314999132417,0.0006006539988447912,,,
LetRecog,5,RandomForest,"{""max_depth"": null, ""min_samples_leaf"": 1}",0.80465750460499,0.8053333333333333,0.8045,0.805004403595003,1609,2000,76,7.693181262000508,1.3204097260004346,0.03521784799886518,,,
LetRecog,6,CART,"{""ccp_alpha"": 0.0, ""max_depth"": null, ""min_samples_leaf"": 1}",0.7510728080844045,0.7506666666666666,0.763,0.7630624889603427,1526,2000,76,4.850407708001512,0.3159644460010895,0.0007838259989512153,29,3705,7409
LetRecog,6,Logistic,"{""C"": 10.0}",0.6931244938504637,0.6929444444444445,0.701,0.7011990314644962,1402,2000,76,14.582535303999975,1.7002572499986854,0.0005315510006766999,,,
LetRecog,6,BernoulliNB,"{""alpha"": 0.01}",0.5677525652154772,0.5711666666666666,0.5705,0.5654154057801126,1141,2000,76,0.07659860900093918,0.003895587999068084,0.0006058119997760514,,,
LetRecog,6,RandomForest,"{""max_depth"": 20, ""min_samples_leaf"": 1}",0.8059032286921602,0.8057777777777778,0.8175,0.8172597625127185,1635,2000,76,8.000084690998847,1.1480380630000582,0.034918203000415815,,,
LetRecog,7,CART,"{""ccp_alpha"": 0.0, ""max_depth"": null, ""min_samples_leaf"": 1}",0.7465327181303759,0.7467777777777777,0.774,0.7734013150859353,1548,2000,76,4.789304201998675,0.31149823799933074,0.0007868510001571849,31,3751,7501
LetRecog,7,Logistic,"{""C"": 100.0}",0.6894470729738514,0.6896111111111111,0.7055,0.7052795784862838,1411,2000,76,13.145725704000142,2.6176017240013607,0.0005241099988779752,,,
LetRecog,7,BernoulliNB,"{""alpha"": 0.01}",0.566268015885111,0.5697777777777778,0.5925,0.5881945000630586,1185,2000,76,0.08477162899907853,0.004104349000044749,0.0006244390006031608,,,
LetRecog,7,RandomForest,"{""max_depth"": 20, ""min_samples_leaf"": 1}",0.8000627252970212,0.8002222222222223,0.8315,0.8317694991114449,1663,2000,76,7.654501259999961,1.112403875000382,0.03446163199987495,,,
LetRecog,8,CART,"{""ccp_alpha"": 0.0, ""max_depth"": null, ""min_samples_leaf"": 1}",0.7511868990644489,0.7510555555555555,0.774,0.7744158868416151,1548,2000,76,4.8427034209998965,0.3467587849991105,0.02102823899986106,30,3746,7491
LetRecog,8,Logistic,"{""C"": 10.0}",0.693047401841531,0.6926111111111112,0.689,0.6896012413970417,1378,2000,76,13.710855999001069,1.9029904879989772,0.0010603579994494794,,,
LetRecog,8,BernoulliNB,"{""alpha"": 0.01}",0.5719763492983906,0.5750555555555555,0.574,0.5678856666655135,1148,2000,76,0.0849446110005374,0.0051356139993004035,0.0006909780004207278,,,
LetRecog,8,RandomForest,"{""max_depth"": 20, ""min_samples_leaf"": 1}",0.8044440491073864,0.8043333333333335,0.828,0.8284890112590341,1656,2000,76,7.604705460000332,1.0840876290003507,0.03503308299877972,,,
LetRecog,9,CART,"{""ccp_alpha"": 0.0, ""max_depth"": null, ""min_samples_leaf"": 1}",0.748080419923487,0.7485555555555555,0.7845,0.7836560779933464,1569,2000,76,4.835408888999154,0.3132679680002184,0.0007879429995227838,28,3775,7549
LetRecog,9,Logistic,"{""C"": 10.0}",0.6918447738521057,0.6915,0.7105,0.7108545405388563,1421,2000,76,13.245601337999688,1.7755132649999723,0.0008105670003715204,,,
LetRecog,9,BernoulliNB,"{""alpha"": 0.01}",0.56744523230054,0.5710555555555555,0.584,0.580740083327179,1168,2000,76,0.08914115799962019,0.006084797001676634,0.0007214529996417696,,,
LetRecog,9,RandomForest,"{""max_depth"": 20, ""min_samples_leaf"": 1}",0.800051804713398,0.7998333333333333,0.837,0.8366970601406122,1674,2000,76,7.831757959998868,1.0633281009995699,0.03513385799851676,,,
LetRecog,10,CART,"{""ccp_alpha"": 0.0, ""max_depth"": null, ""min_samples_leaf"": 1}",0.7507283835953437,0.7508888888888888,0.7735,0.7726663845986326,1547,2000,76,4.821788015000493,0.3049930609995499,0.0007870519984862767,30,3699,7397
LetRecog,10,Logistic,"{""C"": 1.0}",0.6924566359682424,0.6924444444444444,0.6865,0.6868448983454832,1373,2000,76,14.197268623000127,1.2418709339999623,0.0008459100008622045,,,
LetRecog,10,BernoulliNB,"{""alpha"": 0.01}",0.5660302438869099,0.5698333333333333,0.5645,0.5598357705458246,1129,2000,76,0.08443121700111078,0.004257967999365064,0.0006324710011540446,,,
LetRecog,10,RandomForest,"{""max_depth"": 20, ""min_samples_leaf"": 1}",0.8084336914527867,0.8082777777777778,0.8065,0.8072797503095592,1613,2000,76,7.808278272001189,1.0613086350003869,0.03454887199950463,,,
Mushroom,1,CART,"{""ccp_alpha"": 0.0, ""max_depth"": 10, ""min_samples_leaf"": 1}",0.9995890990005005,0.9995896594173163,1.0,1.0,813,813,88,0.3394417039999098,0.006581977000678307,0.0001999280011659721,8,11,21
Mushroom,1,Logistic,"{""C"": 10.0}",0.9997260742677067,0.9997264396115443,1.0,1.0,813,813,88,0.14262162799968792,0.00614982300066913,0.00011530200026754756,,,
Mushroom,1,BernoulliNB,"{""alpha"": 0.01}",0.9887609411372651,0.9887840240733142,0.993849938499385,0.9938391635205732,808,813,88,0.033216458999959286,0.001544048000141629,0.00028484399990702514,,,
Mushroom,1,RandomForest,"{""max_depth"": 20, ""min_samples_leaf"": 1}",1.0,1.0,1.0,1.0,813,813,88,2.7642055279993656,0.16591761100062286,0.022750796999389422,,,
Mushroom,2,CART,"{""ccp_alpha"": 0.0, ""max_depth"": 10, ""min_samples_leaf"": 1}",0.9997260742677067,0.9997264396115443,1.0,1.0,813,813,88,0.3471528259997285,0.005993590999423759,0.00018120000095223077,8,11,21
Mushroom,2,Logistic,"{""C"": 10.0}",1.0,1.0,1.0,1.0,813,813,88,0.17159117600022,0.006099899001128506,0.00011198699939996004,,,
Mushroom,2,BernoulliNB,"{""alpha"": 0.01}",0.9887623690156935,0.9887840240733142,0.986469864698647,0.9864402410825973,802,813,88,0.04457988200010732,0.001462586998968618,0.0002840130000549834,,,
Mushroom,2,RandomForest,"{""max_depth"": 20, ""min_samples_leaf"": 1}",1.0,1.0,1.0,1.0,813,813,88,2.295842322999306,0.16389828600040346,0.023547298000266892,,,
Mushroom,3,CART,"{""ccp_alpha"": 0.0, ""max_depth"": 10, ""min_samples_leaf"": 1}",1.0,1.0,1.0,1.0,813,813,88,0.34379446300044947,0.0061400689992296975,0.00020443500034161843,8,11,21
Mushroom,3,Logistic,"{""C"": 10.0}",1.0,1.0,1.0,1.0,813,813,88,0.15518059600071865,0.007553752999228891,0.00012531699940154795,,,
Mushroom,3,BernoulliNB,"{""alpha"": 0.01}",0.98821276464052,0.9882369032964027,0.992619926199262,0.992606223019838,807,813,88,0.036698611998872366,0.0015158559999690624,0.00047907299995131325,,,
Mushroom,3,RandomForest,"{""max_depth"": 20, ""min_samples_leaf"": 1}",1.0,1.0,1.0,1.0,813,813,88,2.4949962080008845,0.18976481999925454,0.022958931998800836,,,
Mushroom,4,CART,"{""ccp_alpha"": 0.0, ""max_depth"": 10, ""min_samples_leaf"": 1}",1.0,1.0,1.0,1.0,813,813,88,0.3394796310003585,0.006263962999582873,0.00018778000048769172,8,11,21
Mushroom,4,Logistic,"{""C"": 10.0}",1.0,1.0,1.0,1.0,813,813,88,0.17396154400012165,0.008139524999933201,0.00013086500075587537,,,
Mushroom,4,BernoulliNB,"{""alpha"": 0.01}",0.9880759897065164,0.9881001231021748,0.993849938499385,0.9938403957905583,808,813,88,0.05532371400113334,0.0014945240000088234,0.0002870169992092997,,,
Mushroom,4,RandomForest,"{""max_depth"": 20, ""min_samples_leaf"": 1}",1.0,1.0,1.0,1.0,813,813,88,2.4556439360003424,0.17141651599922625,0.023133867998694768,,,
Mushroom,5,CART,"{""ccp_alpha"": 0.0, ""max_depth"": 10, ""min_samples_leaf"": 1}",0.9995890990005005,0.9995896594173163,1.0,1.0,812,812,88,0.3443252779998147,0.00620869100021082,0.000179516999196494,8,11,21
Mushroom,5,Logistic,"{""C"": 10.0}",1.0,1.0,1.0,1.0,812,812,88,0.205183064999801,0.006395970000085072,0.00012557599984575063,,,
Mushroom,5,BernoulliNB,"{""alpha"": 0.01}",0.9894484189168321,0.9894693837339736,0.9852216748768473,0.9851892384860921,800,812,88,0.051930842999354354,0.001540082999781589,0.0002808680001180619,,,
Mushroom,5,RandomForest,"{""max_depth"": 20, ""min_samples_leaf"": 1}",1.0,1.0,1.0,1.0,812,812,88,2.3436900339984277,0.17562360800002352,0.02303292699980375,,,
Mushroom,6,CART,"{""ccp_alpha"": 0.0, ""max_depth"": 10, ""min_samples_leaf"": 1}",0.9997260742677067,0.9997264396115443,1.0,1.0,812,812,88,0.339659187999132,0.005764760000602109,0.00019750400133489165,7,10,19
Mushroom,6,Logistic,"{""C"": 10.0}",0.9998630412211081,0.9998632198057722,1.0,1.0,812,812,88,0.13326007900104742,0.01850943899989943,0.0001497329994890606,,,
Mushroom,6,BernoulliNB,"{""alpha"": 0.01}",0.9879430768478971,0.9879649699077963,0.9852216748768473,0.9851892384860921,800,812,88,0.03994243999841274,0.0018204500011052005,0.00034533400139480364,,,
Mushroom,6,RandomForest,"{""max_depth"": 20, ""min_samples_leaf"": 1}",1.0,1.0,1.0,1.0,812,812,88,2.3719610320003994,0.2022449960004451,0.02278619400021853,,,
Mushroom,7,CART,"{""ccp_alpha"": 0.0, ""max_depth"": 10, ""min_samples_leaf"": 1}",1.0,1.0,1.0,1.0,812,812,88,0.3412618430011207,0.0061899030006316025,0.00018651800019142684,8,11,21
Mushroom,7,Logistic,"{""C"": 10.0}",1.0,1.0,1.0,1.0,812,812,88,0.15705168999920716,0.008172594998541172,0.00013232700075604953,,,
Mushroom,7,BernoulliNB,"{""alpha"": 0.01}",0.9897225871423524,0.9897431124327586,0.9864532019704434,0.9864185760792381,801,812,88,0.039935930999490665,0.0018009600007644622,0.00032581500090600457,,,
Mushroom,7,RandomForest,"{""max_depth"": 20, ""min_samples_leaf"": 1}",1.0,1.0,1.0,1.0,812,812,88,2.401899583001068,0.15528817100130254,0.023088645000825636,,,
Mushroom,8,CART,"{""ccp_alpha"": 0.0, ""max_depth"": 10, ""min_samples_leaf"": 1}",1.0,1.0,1.0,1.0,812,812,88,0.3414280310007598,0.0060456789997260785,0.0001942489998327801,8,11,21
Mushroom,8,Logistic,"{""C"": 1.0}",1.0,1.0,1.0,1.0,812,812,88,0.1349741250014631,0.009095498000533553,0.00012351400073384866,,,
Mushroom,8,BernoulliNB,"{""alpha"": 0.01}",0.9893113583647867,0.9893327718500751,0.9876847290640394,0.9876576987384101,802,812,88,0.04351124200002232,0.0014542850003635976,0.0002838529999280581,,,
Mushroom,8,RandomForest,"{""max_depth"": 20, ""min_samples_leaf"": 1}",1.0,1.0,1.0,1.0,812,812,88,2.859631024000919,0.19179815799907374,0.024582808999184635,,,
Mushroom,9,CART,"{""ccp_alpha"": 0.0, ""max_depth"": 10, ""min_samples_leaf"": 1}",0.9997260742677067,0.9997264396115443,1.0,1.0,812,812,88,0.35299048100023356,0.006436009000026388,0.00020830999892496038,8,11,21
Mushroom,9,Logistic,"{""C"": 1.0}",1.0,1.0,1.0,1.0,812,812,88,0.15100799999891024,0.012010615999315633,0.0001425419995939592,,,
Mushroom,9,BernoulliNB,"{""alpha"": 0.01}",0.9886256718250911,0.988648478154834,0.9901477832512315,0.9901304794374859,804,812,88,0.05131495699970401,0.001886988999103778,0.0003436210008658236,,,
Mushroom,9,RandomForest,"{""max_depth"": 20, ""min_samples_leaf"": 1}",1.0,1.0,1.0,1.0,812,812,88,2.633538783000404,0.182695543000591,0.033621532000324805,,,
Mushroom,10,CART,"{""ccp_alpha"": 0.0, ""max_depth"": 10, ""min_samples_leaf"": 1}",1.0,1.0,1.0,1.0,812,812,88,0.34024913600114814,0.005825640999319148,0.0001830929995776387,8,11,21
Mushroom,10,Logistic,"{""C"": 10.0}",1.0,1.0,1.0,1.0,812,812,88,0.1521800450009323,0.006832569000835065,0.00011770499986596406,,,
Mushroom,10,BernoulliNB,"{""alpha"": 0.01}",0.9888999537417816,0.9889220385432899,0.9889162561576355,0.9888956252592616,803,812,88,0.03914901899952383,0.0014619260000472423,0.00028382300115481485,,,
Mushroom,10,RandomForest,"{""max_depth"": 20, ""min_samples_leaf"": 1}",1.0,1.0,1.0,1.0,812,812,88,2.538099692999822,0.17626822700003686,0.023692823999226675,,,
PageBlocks,1,CART,"{""ccp_alpha"": 0.0, ""max_depth"": 10, ""min_samples_leaf"": 1}",0.5495839096407283,0.9266998005583179,0.9178832116788321,0.5176435219418378,503,548,39,0.23168998700020893,0.0029003069994359976,0.0001493519994255621,10,34,67
PageBlocks,1,Logistic,"{""C"": 10.0}",0.5624675672502528,0.9281207081132262,0.9178832116788321,0.5176435219418378,503,548,39,0.6971914179994201,0.13989518000016687,0.00018544600061431993,,,
PageBlocks,1,BernoulliNB,"{""alpha"": 0.01}",0.560910980178568,0.9199997872226193,0.9142335766423357,0.4945278875713658,501,548,39,0.026907988998573273,0.0009485919999860926,0.0002124860002368223,,,
PageBlocks,1,RandomForest,"{""max_depth"": 20, ""min_samples_leaf"": 1}",0.5587191259170431,0.927917951062687,0.9178832116788321,0.5176435219418378,503,548,39,2.6155137660007313,0.16668340199976228,0.02326744600031816,,,
PageBlocks,2,CART,"{""ccp_alpha"": 0.001, ""max_depth"": 5, ""min_samples_leaf"": 5}",0.5607065547947588,0.9256851493511652,0.9215328467153284,0.557466318969301,505,548,39,0.22555103999911807,0.002455945999827236,0.0001443150013074046,4,9,17
PageBlocks,2,Logistic,"{""C"": 10.0}",0.574815308776069,0.928527582999879,0.9197080291970803,0.5330989923681086,504,548,39,0.7349928269995871,0.10836230200038699,0.00020364299962238874,,,
PageBlocks,2,BernoulliNB,"{""alpha"": 0.01}",0.5875252970857997,0.9222333311808179,0.9032846715328468,0.5403420823000596,495,548,39,0.03836944899921946,0.0009917459992720978,0.00021748399922216777,,,
PageBlocks,2,RandomForest,"{""max_depth"": 20, ""min_samples_leaf"": 1}",0.5671724368855967,0.9279186933093637,0.9215328467153284,0.557466318969301,505,548,39,2.5964859150008124,0.17415221800001746,0.023399662000883836,,,
PageBlocks,3,CART,"{""ccp_alpha"": 0.0, ""max_depth"": 5, ""min_samples_leaf"": 1}",0.579401345931066,0.927715565135486,0.9197080291970803,0.4545483683608277,504,548,39,0.2274642779993883,0.002453312001307495,0.0001396469997416716,5,19,37
PageBlocks,3,Logistic,"{""C"": 100.0}",0.5712221580525981,0.9281216977754619,0.9197080291970803,0.4484229599430531,504,548,39,0.9212645690004138,0.08522182399974554,0.0001851150009315461,,,
PageBlocks,3,BernoulliNB,"{""alpha"": 0.1}",0.5625052299854506,0.920405548739257,0.9087591240875912,0.5287675040483444,498,548,39,0.027481011999043403,0.0010181150009884732,0.00021388799905253109,,,
PageBlocks,3,RandomForest,"{""max_depth"": 20, ""min_samples_leaf"": 1}",0.5554239202380068,0.9271067991527501,0.9215328467153284,0.5347387494167373,505,548,39,2.855596510000396,0.20555512299870315,0.025044566000360646,,,
PageBlocks,4,CART,"{""ccp_alpha"": 0.001, ""max_depth"": 5, ""min_samples_leaf"": 5}",0.567135871422879,0.9252943564758424,0.9305301645338209,0.6185744657245067,509,547,39,0.23456550599985349,0.002522644999771728,0.00014331300008052494,5,9,17
PageBlocks,4,Logistic,"{""C"": 100.0}",0.5788800846712562,0.9275274056029232,0.9323583180987203,0.6208917966392118,510,547,39,0.7398189359992102,0.08933915200032061,0.00019697300012921914,,,
PageBlocks,4,BernoulliNB,"{""alpha"": 0.01}",0.5559559568568669,0.9179861956963054,0.9250457038391224,0.6216911551111064,506,547,39,0.04123654700015322,0.0009727979995659553,0.00021675200150639284,,,
PageBlocks,4,RandomForest,"{""max_depth"": 20, ""min_samples_leaf"": 1}",0.5761425626334636,0.9269183922046285,0.9305301645338209,0.6185744657245067,509,547,39,2.7355769320001855,0.20192077399951813,0.033924723999007256,,,
PageBlocks,5,CART,"{""ccp_alpha"": 0.001, ""max_depth"": 5, ""min_samples_leaf"": 1}",0.5557160468596951,0.9232643118148599,0.9287020109689214,0.6065897830603714,508,547,39,0.23515029699956358,0.003167144001054112,0.00015729400001873728,4,9,17
PageBlocks,5,Logistic,"{""C"": 10.0}",0.5680950963680429,0.9263093788063337,0.9287020109689214,0.6000976119261263,508,547,39,0.8918066579990409,0.08519074799914961,0.00019542099835234694,,,
PageBlocks,5,BernoulliNB,"{""alpha"": 0.01}",0.5676919320002186,0.9185952090946001,0.9250457038391224,0.6019425222446049,506,547,39,0.02776192100100161,0.0010347099996579345,0.0002158210008929018,,,
PageBlocks,5,RandomForest,"{""max_depth"": 20, ""min_samples_leaf"": 1}",0.557443252013301,0.9250913520097442,0.9305301645338209,0.6059377044230866,509,547,39,2.516463298999952,0.1725486120012647,0.023197086000436684,,,
PageBlocks,6,CART,"{""ccp_alpha"": 0.0, ""max_depth"": 5, ""min_samples_leaf"": 1}",0.5597865554010083,0.9277304100690215,0.9177330895795247,0.5773989010154212,502,547,38,0.22771055400153273,0.002522894999856362,0.00014627699965785723,5,20,39
PageBlocks,6,Logistic,"{""C"": 100.0}",0.5640569834519928,0.9285424279334146,0.9177330895795247,0.5773989010154212,502,547,38,0.75605989900032,0.0823884569999791,0.0001886610007204581,,,
PageBlocks,6,BernoulliNB,"{""alpha"": 1.0}",0.5680910605645789,0.9198132358911897,0.9104204753199269,0.5602476190476191,498,547,38,0.026440694000484655,0.00094291300047189,0.0002095419986289926,,,
PageBlocks,6,RandomForest,"{""max_depth"": 20, ""min_samples_leaf"": 1}",0.5713796959304125,0.9291514413317093,0.9177330895795247,0.5773989010154212,502,547,38,2.639598728999772,0.21509465199960687,0.023679534999246243,,,
PageBlocks,7,CART,"{""ccp_alpha"": 0.0, ""max_depth"": 5, ""min_samples_leaf"": 1}",0.5309937611194389,0.9238733252131547,0.9414990859232175,0.7015628815628816,515,547,39,0.234970303999944,0.0026301840007363353,0.0001604389999556588,5,18,35
PageBlocks,7,Logistic,"{""C"": 10.0}",0.5409365935134469,0.924888347543646,0.9488117001828154,0.7232781727186021,519,547,39,0.8159020130005956,0.10512224400008563,0.00021414799994090572,,,
PageBlocks,7,BernoulliNB,"{""alpha"": 0.01}",0.5568186684598497,0.9175801867641088,0.9378427787934186,0.6773838209982788,513,547,39,0.04314562800027488,0.0009526880003249971,0.00027790300009655766,,,
PageBlocks,7,RandomForest,"{""max_depth"": 20, ""min_samples_leaf"": 1}",0.5372164354936869,0.9244823386114495,0.9414990859232175,0.7015628815628816,515,547,39,3.410406327000601,0.18606434199864452,0.02440531499996723,,,
PageBlocks,8,CART,"{""ccp_alpha"": 0.001, ""max_depth"": 10, ""min_samples_leaf"": 5}",0.5554858915634995,0.9244823386114494,0.9396709323583181,0.6408955223880597,514,547,39,0.2296092899996438,0.002696823999940534,0.0001491820003138855,4,9,17
PageBlocks,8,Logistic,"{""C"": 100.0}",0.5661817730840432,0.9261063743402355,0.9360146252285192,0.5564251917251508,512,547,39,0.6289704930004518,0.08447411700035445,0.00020855000002484303,,,
PageBlocks,8,BernoulliNB,"{""alpha"": 0.01}",0.5700255126410442,0.9194072269589931,0.9287020109689214,0.6225213025133781,508,547,39,0.027554681999390596,0.0019210499995097052,0.00023152500034484547,,,
PageBlocks,8,RandomForest,"{""max_depth"": 20, ""min_samples_leaf"": 1}",0.5681288819427331,0.9254973609419407,0.9341864716636198,0.5562206592378501,511,547,39,2.7935914609988686,0.21434191200023633,0.06976982500054874,,,
PageBlocks,9,CART,"{""ccp_alpha"": 0.0, ""max_depth"": 5, ""min_samples_leaf"": 5}",0.548752996443965,0.9252943564758424,0.9287020109689214,0.6023330937329131,508,547,38,0.22948388300028455,0.0024698659999558004,0.00014844099860056303,5,16,31
PageBlocks,9,Logistic,"{""C"": 10.0}",0.5672341081980132,0.9275274056029232,0.9305301645338209,0.6185659836500136,509,547,38,0.820044919000793,0.09552940600042348,0.00027817400041385554,,,
PageBlocks,9,BernoulliNB,"{""alpha"": 0.01}",0.5615764194462578,0.9181892001624036,0.9287020109689214,0.6191816468394706,508,547,38,0.04182627400041383,0.000989943999229581,0.00021556100000452716,,,
PageBlocks,9,RandomForest,"{""max_depth"": 20, ""min_samples_leaf"": 1}",0.5614797001613681,0.9261063743402355,0.9305301645338209,0.6165597376998242,509,547,38,2.684171356000661,0.1744843430005858,0.023079460999724688,,,
PageBlocks,10,CART,"{""ccp_alpha"": 0.001, ""max_depth"": 5, ""min_samples_leaf"": 5}",0.5668676116910213,0.9242793341453511,0.923217550274223,0.4680847499489911,505,547,39,0.24600576400007412,0.002552880001530866,0.00014175099931890145,4,9,17
PageBlocks,10,Logistic,"{""C"": 10.0}",0.5778215876683216,0.9265123832724319,0.926873857404022,0.46835600907029473,507,547,39,0.7611165300004359,0.08393796299969836,0.00018221100071968976,,,
PageBlocks,10,BernoulliNB,"{""alpha"": 0.01}",0.5800627729801886,0.9200162403572879,0.9122486288848263,0.43159129053865897,499,547,39,0.04243093399963982,0.0009785559996089432,0.0002126059989677742,,,
PageBlocks,10,RandomForest,"{""max_depth"": 20, ""min_samples_leaf"": 1}",0.5782827049496158,0.9265123832724319,0.926873857404022,0.46835600907029473,507,547,39,2.5368411899999046,0.178227637999953,0.023647777999940445,,,
PenDigits,1,CART,"{""ccp_alpha"": 0.0, ""max_depth"": null, ""min_samples_leaf"": 1}",0.9446131286671023,0.9446017687395399,0.9554545454545454,0.9554062457881791,1051,1100,76,1.4018743020005786,0.06103534499925445,0.00042372099960630294,18,524,1047
PenDigits,1,Logistic,"{""C"": 10.0}",0.9481558491848774,0.9483415315477209,0.95,0.9494086469429787,1045,1100,76,2.2077630559997488,0.24816422699950635,0.00026201999935437925,,,
PenDigits,1,BernoulliNB,"{""alpha"": 0.01}",0.8370123598966153,0.8411852319451212,0.8463636363636363,0.842978575134271,931,1100,76,0.04109131099903607,0.0018642449995240895,0.00032098800147650763,,,
PenDigits,1,RandomForest,"{""max_depth"": null, ""min_samples_leaf"": 1}",0.9777288935070958,0.9775576525179644,0.9827272727272728,0.9825792893553544,1081,1100,76,3.2657646790012222,0.3434661249993951,0.02340049899976293,,,
PenDigits,2,CART,"{""ccp_alpha"": 0.0, ""max_depth"": null, ""min_samples_leaf"": 1}",0.9454363465636146,0.9456124209922111,0.9636363636363636,0.9635311684673791,1060,1100,76,1.4030093569999735,0.057980898000096204,0.0003567510011635022,19,534,1067
PenDigits,2,Logistic,"{""C"": 10.0}",0.9493587218391876,0.9494538376122659,0.9572727272727273,0.9563156815590247,1053,1100,76,2.0452254800002265,0.276442747001056,0.000262921001194627,,,
PenDigits,2,BernoulliNB,"{""alpha"": 0.01}",0.836866721441503,0.8407798429197232,0.8590909090909091,0.8544560759640175,945,1100,76,0.0384056929997314,0.001789964000636246,0.0003267760002927389,,,
PenDigits,2,RandomForest,"{""max_depth"": null, ""min_samples_leaf"": 1}",0.9784859686962101,0.9783661620578803,0.9836363636363636,0.9835117788100856,1082,1100,76,3.52413621300002,0.39405140500093694,0.02403795799909858,,,
PenDigits,3,CART,"{""ccp_alpha"": 0.0, ""max_depth"": null, ""min_samples_leaf"": 1}",0.9477726102402683,0.947741295831047,0.9599636032757052,0.9594239738355238,1055,1099,76,1.4906755739993969,0.05745842099895526,0.00042303000009269454,20,549,1097
PenDigits,3,Logistic,"{""C"": 10.0}",0.949506597620534,0.9497627842697041,0.9426751592356688,0.94229449840764,1036,1099,76,2.1977709279999544,0.25333270999908564,0.00026607600011629984,,,
PenDigits,3,BernoulliNB,"{""alpha"": 0.01}",0.8386591978700499,0.8426165090327505,0.8371246587807097,0.8297281989686036,920,1099,76,0.054273630999887246,0.002046375999270822,0.00035308600126882084,,,
PenDigits,3,RandomForest,"{""max_depth"": null, ""min_samples_leaf"": 1}",0.9792148527819978,0.9790759913745085,0.9808917197452229,0.9809823970688898,1078,1099,76,4.7974895289989945,0.4070584049986792,0.02369926299979852,,,
PenDigits,4,CART,"{""ccp_alpha"": 0.0, ""max_depth"": null, ""min_samples_leaf"": 1}",0.9470451767628513,0.9472357551158446,0.9508644222020018,0.9511550443050136,1045,1099,76,1.453742006999164,0.05677743800151802,0.0004701200014096685,20,543,1085
PenDigits,4,Logistic,"{""C"": 10.0}",0.9501186930822897,0.9503696109301515,0.9563239308462238,0.956449760941451,1051,1099,76,2.3057756920006796,0.24405559800106857,0.0002640330003487179,,,
PenDigits,4,BernoulliNB,"{""alpha"": 0.01}",0.8394209422224573,0.8434244974282751,0.8507734303912647,0.8477770328420814,935,1099,76,0.052340584001285606,0.0018372650010860525,0.0003270959987276001,,,
PenDigits,4,RandomForest,"{""max_depth"": 20, ""min_samples_leaf"": 1}",0.9795850382972954,0.9794806140110958,0.9763421292083713,0.9766791400088888,1073,1099,76,3.496747030998449,0.351641376999396,0.024276564001411316,,,
PenDigits,5,CART,"{""ccp_alpha"": 0.0, ""max_depth"": null, ""min_samples_leaf"": 1}",0.9439797674551982,0.9441016540571182,0.9581437670609645,0.9584195098376049,1053,1099,76,1.4326244200001383,0.05769492300169077,0.00036294100027589593,18,516,1031
PenDigits,5,Logistic,"{""C"": 10.0}",0.949160180643157,0.9493575791776205,0.9608735213830755,0.9609104964942705,1056,1099,76,2.2878404530001717,0.25004502599949774,0.0002789149984891992,,,
PenDigits,5,BernoulliNB,"{""alpha"": 0.01}",0.8368176128905477,0.8408974069633106,0.8416742493175614,0.8381159045343356,925,1099,76,0.0388618619999761,0.0018148210001527332,0.0003577429997676518,,,
PenDigits,5,RandomForest,"{""max_depth"": 20, ""min_samples_leaf"": 1}",0.9789116742551164,0.9787728692720329,0.9736123748862603,0.9739185564054175,1070,1099,76,3.087412820001191,0.3512910909994389,0.02322143200035498,,,
PenDigits,6,CART,"{""ccp_alpha"": 0.0, ""max_depth"": null, ""min_samples_leaf"": 1}",0.9461266833094278,0.9462249495854111,0.9572338489535942,0.9570940549446544,1052,1099,76,1.415113521999956,0.0561956019992067,0.0003362810002727201,20,533,1065
PenDigits,6,Logistic,"{""C"": 10.0}",0.9501073540236439,0.9503689365079978,0.9599636032757052,0.9600174797271004,1055,1099,76,2.20578005400057,0.24964564199945016,0.0002622900010464946,,,
PenDigits,6,BernoulliNB,"{""alpha"": 0.01}",0.8386472340441994,0.8431215286035617,0.8580527752502275,0.8566306854011303,943,1099,76,0.03781079799955478,0.001773268999386346,0.0003226609987905249,,,
PenDigits,6,RandomForest,"{""max_depth"": 20, ""min_samples_leaf"": 1}",0.9778091219072094,0.9776610536963269,0.9836214740673339,0.9836871575407191,1081,1099,76,3.398129515000619,0.329880012999638,0.0232464999990043,,,
PenDigits,7,CART,"{""ccp_alpha"": 0.0, ""max_depth"": null, ""min_samples_leaf"": 1}",0.9491708297882528,0.949257212898949,0.9435850773430391,0.9439757064277204,1037,1099,76,1.425284079999983,0.0568829639996693,0.000415177999457228,18,529,1057
PenDigits,7,Logistic,"{""C"": 10.0}",0.9485736004937214,0.9487513962837745,0.9545040946314831,0.9545609579594145,1049,1099,76,2.236212970001361,0.3119234260011581,0.0003167319991916884,,,
PenDigits,7,BernoulliNB,"{""alpha"": 0.01}",0.8412286798586996,0.8450405968415339,0.8252957233848953,0.8214931664767533,907,1099,76,0.03967174699937459,0.001820679999582353,0.0003532660011842381,,,
PenDigits,7,RandomForest,"{""max_depth"": null, ""min_samples_leaf"": 1}",0.97738066481084,0.977256523026397,0.9827115559599636,0.9830670494328073,1080,1099,76,3.125449152999863,0.3364645340006973,0.023627456999747665,,,
PenDigits,8,CART,"{""ccp_alpha"": 0.0, ""max_depth"": null, ""min_samples_leaf"": 1}",0.9455409095574893,0.9457192555924464,0.9572338489535942,0.9570233482026694,1052,1099,76,1.446309103999738,0.05875186699995538,0.00039141299930633977,20,545,1089
PenDigits,8,Logistic,"{""C"": 10.0}",0.9514818247150526,0.9515820686845009,0.9363057324840764,0.935992983578565,1029,1099,76,2.4586055990002933,0.22822220499983814,0.00035473800016916357,,,
PenDigits,8,BernoulliNB,"{""alpha"": 0.01}",0.8399395399525774,0.8438289974426526,0.8462238398544131,0.8412160556776754,930,1099,76,0.054208174000450526,0.0019286609986011172,0.000351803000739892,,,
PenDigits,8,RandomForest,"{""max_depth"": null, ""min_samples_leaf"": 1}",0.9765530340394627,0.9764478602087189,0.9827115559599636,0.9829123977723583,1080,1099,76,3.64541689699945,0.3215423780002311,0.023707205999016878,,,
PenDigits,9,CART,"{""ccp_alpha"": 0.0, ""max_depth"": null, ""min_samples_leaf"": 1}",0.9465979134142947,0.9466291430442643,0.9481346678798908,0.9475274093709863,1042,1099,76,1.3973753099999158,0.055334880998998415,0.0003694499991979683,19,518,1035
PenDigits,9,Logistic,"{""C"": 10.0}",0.9496060548041761,0.949863027926166,0.9554140127388535,0.9550275448440534,1050,1099,76,2.3351685909983644,0.2545636819995707,0.00026106800032721367,,,
PenDigits,9,BernoulliNB,"{""alpha"": 0.01}",0.8391127756987086,0.8429192632685968,0.8298453139217471,0.8261553667255642,912,1099,76,0.041039202000320074,0.0018017019992839778,0.00032444300086353905,,,
PenDigits,9,RandomForest,"{""max_depth"": null, ""min_samples_leaf"": 1}",0.9788994764350535,0.9787730225497953,0.9827115559599636,0.9826991583594369,1080,1099,76,3.2622637980002764,0.3650920669988409,0.023932615999001428,,,
PenDigits,10,CART,"{""ccp_alpha"": 0.0, ""max_depth"": null, ""min_samples_leaf"": 1}",0.9477056451506858,0.9478420606319005,0.9572338489535942,0.9572642528052224,1052,1099,76,1.4518440419997205,0.061519725999460206,0.0003546980005921796,22,544,1087
PenDigits,10,Logistic,"{""C"": 10.0}",0.9503300315868053,0.950571017909648,0.9481346678798908,0.9481544570608916,1042,1099,76,2.0881245210002817,0.25621726300050796,0.00025617099890951067,,,
PenDigits,10,BernoulliNB,"{""alpha"": 0.01}",0.8395041412255768,0.8435258446846245,0.8407643312101911,0.8364334039990936,924,1099,76,0.0386111890002212,0.0017982369990932057,0.00035985599970445037,,,
PenDigits,10,RandomForest,"{""max_depth"": null, ""min_samples_leaf"": 1}",0.9777898216457778,0.9776610843518793,0.9845313921747043,0.9846539381519539,1082,1099,76,3.485860247999881,0.34952888899897516,0.023146792000261485,,,
Pima,1,CART,"{""ccp_alpha"": 0.0, ""max_depth"": 3, ""min_samples_leaf"": 10}",0.6816959295265864,0.7366145931363323,0.7662337662337663,0.7136363636363636,59,77,36,0.14434535299915296,0.0007864199997129617,0.00011919800090254284,3,7,13
Pima,1,Logistic,"{""C"": 0.1}",0.6721001583066332,0.7380575945793337,0.7792207792207793,0.7081382385730212,60,77,36,0.09016767499997513,0.0017400299984728917,8.263299969257787e-05,,,
Pima,1,BernoulliNB,"{""alpha"": 0.1}",0.6895100122519326,0.7293556684861033,0.7532467532467533,0.7214924804873406,58,77,36,0.02124544199978118,0.0006252399998629699,0.00016999300169118214,,,
Pima,1,RandomForest,"{""max_depth"": 20, ""min_samples_leaf"": 5}",0.6736333520558708,0.7337097684923771,0.7532467532467533,0.6934841818562749,58,77,36,1.7005775670004368,0.1450935369994113,0.012574756001413334,,,
Pima,2,CART,"{""ccp_alpha"": 0.0, ""max_depth"": 5, ""min_samples_leaf"": 10}",0.6817043576162688,0.7337097684923771,0.6883116883116883,0.6446153846153846,53,77,36,0.14983822899921506,0.0009342499997728737,0.00011510100011946633,5,15,29
Pima,2,Logistic,"{""C"": 0.1}",0.6874835659848891,0.7452851496329758,0.7012987012987013,0.6051282051282052,54,77,36,0.07792449699991266,0.0017756229990482097,8.403500032727607e-05,,,
Pima,2,BernoulliNB,"{""alpha"": 1.0}",0.7098841750319583,0.7481837003576134,0.6623376623376623,0.6065251572327044,51,77,36,0.02251302799959376,0.000591280000662664,0.00016872100059117656,,,
Pima,2,RandomForest,"{""max_depth"": 20, ""min_samples_leaf"": 5}",0.6951315105376298,0.7438421481899743,0.7012987012987013,0.6289545359312801,54,77,36,1.6547710429986182,0.14560419699955673,0.013350630999411806,,,
Pima,3,CART,"{""ccp_alpha"": 0.0, ""max_depth"": 3, ""min_samples_leaf"": 5}",0.6744601288388333,0.7264069264069265,0.7792207792207793,0.7257490048187722,60,77,36,0.14813111799958278,0.0007602610003232257,0.00011198699939996004,3,7,13
Pima,3,Logistic,"{""C"": 1.0}",0.6737575154766747,0.7293242988895163,0.7922077922077922,0.7520128824476651,61,77,36,0.09111992299949634,0.008196519000193803,0.00010353400102758314,,,
Pima,3,BernoulliNB,"{""alpha"": 1.0}",0.7073885847430539,0.7437856829161177,0.7922077922077922,0.7578616352201257,61,77,36,0.02597485099977348,0.0006046799990144791,0.00017279799976677168,,,
Pima,3,RandomForest,"{""max_depth"": 20, ""min_samples_leaf"": 5}",0.6828826844385508,0.7365518539431584,0.7792207792207793,0.7331294597349644,60,77,36,1.6953065550005704,0.1475990159997309,0.013014025000302354,,,
Pima,4,CART,"{""ccp_alpha"": 0.0, ""max_depth"": 3, ""min_samples_leaf"": 1}",0.6813596083911276,0.7322291235334714,0.6623376623376623,0.615,51,77,36,0.14432709599896043,0.0007785090001561912,0.00011412000094424002,3,8,15
Pima,4,Logistic,"{""C"": 10.0}",0.6872598755651316,0.7351653177740133,0.6883116883116883,0.6446153846153846,53,77,36,0.081422184000985,0.002533871998821269,8.813100066618063e-05,,,
Pima,4,BernoulliNB,"{""alpha"": 0.1}",0.6991241299280361,0.7380136771441119,0.7272727272727273,0.703030303030303,56,77,36,0.02172420399983821,0.000620083001194871,0.0001730170006339904,,,
Pima,4,RandomForest,"{""max_depth"": 20, ""min_samples_leaf"": 1}",0.6792721000954374,0.7220967438358743,0.6493506493506493,0.6042261564820103,50,77,36,1.704642115999377,0.14876833599919337,0.01285909000034735,,,
Pima,5,CART,"{""ccp_alpha"": 0.0, ""max_depth"": 5, ""min_samples_leaf"": 5}",0.6894556595402745,0.7453165192295628,0.7792207792207793,0.7331294597349644,60,77,36,0.15838672300014878,0.0010629620010149665,0.00015257699851645157,5,18,35
Pima,5,Logistic,"{""C"": 0.1}",0.6782580624365435,0.7438421481899743,0.7922077922077922,0.7298245614035088,61,77,36,0.06474355499994999,0.0021494690008694306,9.448099990549963e-05,,,
Pima,5,BernoulliNB,"{""alpha"": 0.1}",0.6952017100451817,0.7322291235334714,0.8051948051948052,0.7755102040816326,62,77,36,0.02488322600038373,0.0007013939994067186,0.00019476000124996062,,,
Pima,5,RandomForest,"{""max_depth"": 20, ""min_samples_leaf"": 5}",0.6846831171707827,0.7394943221030177,0.7662337662337663,0.7136363636363636,59,77,36,1.6336508079984924,0.1500784260006185,0.012809566000214545,,,
Pima,6,CART,"{""ccp_alpha"": 0.001, ""max_depth"": 5, ""min_samples_leaf"": 5}",0.6876203255268104,0.7336972206537423,0.7012987012987013,0.6051282051282052,54,77,36,0.14827794699886,0.0010052970010292483,0.0001235130002896767,5,12,23
Pima,6,Logistic,"{""C"": 100.0}",0.6949577019570764,0.7438358742706569,0.7402597402597403,0.6973270440251573,57,77,36,0.11374803299986525,0.003541882000718033,8.748999971430749e-05,,,
Pima,6,BernoulliNB,"{""alpha"": 0.1}",0.6988941975759153,0.7380324989020641,0.7272727272727273,0.692175899486008,56,77,36,0.021554271001150482,0.0006040299995220266,0.00020110900004510768,,,
Pima,6,RandomForest,"{""max_depth"": 20, ""min_samples_leaf"": 1}",0.6946754799574225,0.7337034945730597,0.7272727272727273,0.6857142857142857,56,77,36,1.7086627799999405,0.14185147099851747,0.012692521000644774,,,
Pima,7,CART,"{""ccp_alpha"": 0.0, ""max_depth"": 10, ""min_samples_leaf"": 1}",0.6859369794060036,0.7395068699416525,0.7272727272727273,0.6857142857142857,56,77,36,0.1710539260002406,0.0013262840002425946,0.00011914700007764623,10,71,141
Pima,7,Logistic,"{""C"": 1.0}",0.6886723307796888,0.7423928728276555,0.7532467532467533,0.7017329255861366,58,77,36,0.08833303000028536,0.0028257859994482715,9.115600005316082e-05,,,
Pima,7,BernoulliNB,"{""alpha"": 0.1}",0.7037693057232467,0.7409373235460192,0.7402597402597403,0.7148148148148148,57,77,36,0.0231036570003198,0.0006013350011926377,0.00017070399917429313,,,
Pima,7,RandomForest,"{""max_depth"": 20, ""min_samples_leaf"": 5}",0.694130945637423,0.7467281510759771,0.7532467532467533,0.7266953110405381,58,77,36,1.9257946939997055,0.16482930200072587,0.024648877000799985,,,
Pima,8,CART,"{""ccp_alpha"": 0.001, ""max_depth"": 5, ""min_samples_leaf"": 10}",0.6810072438728252,0.7221594830290483,0.7272727272727273,0.692175899486008,56,77,36,0.1519247539999924,0.0009970139999495586,0.00012735999916912988,5,10,19
Pima,8,Logistic,"{""C"": 1.0}",0.6870088301996365,0.7380701424179685,0.7402597402597403,0.6818181818181819,57,77,36,0.3032702070013329,0.005302001000018208,0.0001743400007399032,,,
Pima,8,BernoulliNB,"{""alpha"": 1.0}",0.70525072866642,0.7423928728276555,0.7402597402597403,0.7038461538461538,57,77,36,0.03589417500006675,0.00060803500127804,0.0001712850007606903,,,
Pima,8,RandomForest,"{""max_depth"": 20, ""min_samples_leaf"": 1}",0.6903972946858671,0.7264884873580527,0.7402597402597403,0.6900161030595813,57,77,36,1.727736509999886,0.14309681499980798,0.012888523000583518,,,
Pima,9,CART,"{""ccp_alpha"": 0.0, ""max_depth"": 3, ""min_samples_leaf"": 1}",0.664005227306526,0.7282765543635108,0.7631578947368421,0.6724137931034483,58,76,36,0.14595280600042315,0.0007858289991418133,0.00011436000022513326,3,8,15
Pima,9,Logistic,"{""C"": 10.0}",0.6741715661276482,0.7253968253968255,0.7236842105263158,0.6493078444297957,55,76,36,0.06593446700026107,0.0032458610003232025,8.59280007716734e-05,,,
Pima,9,BernoulliNB,"{""alpha"": 1.0}",0.6947699037785702,0.7384340297383775,0.75,0.6827070973412437,57,76,36,0.021247243999823695,0.0005897979990550084,0.00016860100004123524,,,
Pima,9,RandomForest,"{""max_depth"": 20, ""min_samples_leaf"": 5}",0.6769133461977449,0.7369282891022021,0.75,0.6723394599500794,57,76,36,1.676848903998689,0.14497269200001028,0.012158235998867895,,,
Pima,10,CART,"{""ccp_alpha"": 0.0, ""max_depth"": 5, ""min_samples_leaf"": 10}",0.7054527999352667,0.7499905891210239,0.6710526315789473,0.6378883171336002,51,76,35,0.14972044299975096,0.0009255179993488127,0.00011576200085983146,5,13,25
Pima,10,Logistic,"{""C"": 10.0}",0.7109884745487701,0.7586736934563021,0.6578947368421053,0.6041666666666666,50,76,35,0.08580207700106257,0.0026594679984555114,8.657900070829783e-05,,,
Pima,10,BernoulliNB,"{""alpha"": 10.0}",0.7142382477579411,0.767350523872263,0.6710526315789473,0.63113958454669,51,76,35,0.028949027000635397,0.0006377190002240241,0.0002597169986984227,,,
Pima,10,RandomForest,"{""max_depth"": 20, ""min_samples_leaf"": 1}",0.7114742866359647,0.7485350398393876,0.6447368421052632,0.5934218347533188,49,76,35,1.7058456220001972,0.16299242800050706,0.012837286998546915,,,
